source,source_key,source_label,st_code,pc_code,method,reviewed_by,note
sansad,5714,Daman and Diu,25,25-1,manual_reviewed,bharatnyusta,merged-UT spelling; ECI numbering keeps Daman & Diu as seat 1 under DataMeet st_code 25
sansad,5536,Dadra and Nagar Haveli,26,26-2,manual_reviewed,bharatnyusta,merged-UT spelling; seat 2 under DataMeet st_code 26 (ST) — winner Delkar Kalaben matches both sources
sansad,371,Andaman and Nicobar Islands,35,35-1,manual_reviewed,bharatnyusta,"crosswalk name 'Andaman & Nicobar' ('and' vs '&'); winner Bishnu Pada Ray matches"
sansad,5120,Puducherry,34,34-1,manual_reviewed,bharatnyusta,crosswalk name 'Pondicherry' (2008 order spelling); winner Ve Vaithilingam matches
myneta,579,ANDAMAN AND NICOBAR ISLANDS,35,35-1,manual_reviewed,bharatnyusta,same seat as sansad:371; winner Bishnu Pada Ray matches
myneta,20,ANANTHAPUR,37,37-19,manual_reviewed,bharatnyusta,transliteration of Anantapur (AP 19)
myneta,14,NARSARAOPET,37,37-14,manual_reviewed,bharatnyusta,transliteration of Narasaraopet (AP 14)
myneta,24,THIRUPATHI (SC),37,37-23,manual_reviewed,bharatnyusta,transliteration of Tirupati (AP 23); SC suffix consistent with reserved status
myneta,102,DADAR & NAGAR HAVELI (ST),26,26-2,manual_reviewed,bharatnyusta,same seat as sansad:5536; ST suffix matches crosswalk reserved status; winner Delkar Kalaben matches
myneta,283,HATKANANGALE,27,27-48,manual_reviewed,bharatnyusta,spelling of Hatkanangle (MH 48)
myneta,338,PUDUCHERRY,34,34-1,manual_reviewed,bharatnyusta,same seat as sansad:5120; winner Ve Vaithilingam matches
myneta,447,HARIDWAR,5,5-5,manual_reviewed,bharatnyusta,crosswalk name 'Hardwar' (2008 order spelling; UK 5)
myneta,446,NAINITAL-UDHAM SINGH NAGAR,5,5-4,manual_reviewed,bharatnyusta,crosswalk name 'Nainital-Udhamsingh Nagar' (UK 4)
myneta,549,BURDWAN - DURGAPUR,19,19-39,manual_reviewed,bharatnyusta,crosswalk name 'Bardhaman-Durgapur' (WB 39)
myneta,534,COOCH BEHAR (SC),19,19-1,manual_reviewed,bharatnyusta,crosswalk name 'Coochbehar' (WB 1); SC suffix consistent with reserved status
prs,Andhra Pradesh|Narsaraopet,Narsaraopet,37,37-14,official_lookup,,"ECI PC 14 Narsaraopet (AP); winner Lavu Sri Krishna Devarayalu confirmed on archived results.eci.gov.in candidatewise page, snapshot 2025-11-06"
prs,Andhra Pradesh|Thirupati,Thirupati,37,37-23,official_lookup,,"ECI PC 23 Thirupathi(SC) (AP); winner Maddila Gurumoorthy confirmed on archived results.eci.gov.in candidatewise page, snapshot 2024-06-04"
prs,Jharkhand|Palamau,Palamau,20,20-13,official_lookup,,"ECI PC 13 Palamau (Jharkhand); winner Vishnu Dayal Ram confirmed on archived results.eci.gov.in candidatewise page, snapshot 2025-04-05"
prs,Puducherry|Puducherry,Puducherry,34,34-1,official_lookup,,ECI PC 1 PUDUCHERRY; winner Ve Vaithilingam confirmed on archived results.eci.gov.in candidatewise page; crosswalk pc_name is the 2008-order spelling Pondicherry
prs,Andaman & Nicobar Islands|Andaman and Nicobar Islands,Andaman and Nicobar Islands,35,35-1,official_lookup,,"ECI PC 1 Andaman & Nicobar Islands; winner Bishnu Pada Ray confirmed on archived results.eci.gov.in candidatewise page, snapshot 2024-06-21"
prs,Dadra and Nagar Haveli|Dadra and Nagar Haveli,Dadra and Nagar Haveli,26,26-2,official_lookup,,"ECI PC 2 Dadar & Nagar Haveli; winner Delkar Kalaben Mohanbhai confirmed on archived results.eci.gov.in candidatewise page; PRS names the pre-merger UT for both seat 25-1 and seat 26-2, so state name alone is not enough here — resolved by seat winner"
prs,Andhra Pradesh|Ananthapur,Ananthapur,37,37-19,official_lookup,,ECI PC 19 Ananthapur (AP); winner Ambica G Lakshminarayana Valmiki (PRS: G Lakshminarayana) confirmed on archived results.eci.gov.in candidatewise page
prs,Andhra Pradesh|Kurnoolu,Kurnoolu,37,37-18,official_lookup,,ECI PC 18 Kurnoolu (AP); winner Bastipati Nagaraju Panchalingala (PRS: Bastipati Nagaraju) confirmed on archived results.eci.gov.in candidatewise page
prs,Assam|Darang Udalguri,Darang Udalguri,18,18-4,official_lookup,,"ECI PC 4 Darrang-Udalguri (Assam); winner Dilip Saikia confirmed on archived results.eci.gov.in candidatewise page, snapshot 2024-08-05"
prs,Karnataka|Davangere,Davangere,29,29-13,official_lookup,,"ECI PC 13 Davanagere (Karnataka); winner Dr. Prabha Mallikarjun (PRS: Prabha Mallikarjun) confirmed on archived results.eci.gov.in candidatewise page, snapshot 2024-06-13"
prs,Uttar Pradesh|Baharaich,Baharaich,9,9-56,official_lookup,,"ECI PC 56 Baharaich (UP); winner Anand Kumar confirmed on archived results.eci.gov.in candidatewise page, snapshot 2024-11-30"
prs,Uttarakhand|Haridwar,Haridwar,5,5-5,official_lookup,,"ECI PC 5 Haridwar (Uttarakhand); winner Trivendra Singh Rawat confirmed on archived results.eci.gov.in candidatewise page, snapshot 2025-04-24; crosswalk pc_name is the 2008-order spelling Hardwar"
prs,West Bengal|Srerampur,Srerampur,19,19-27,official_lookup,,ECI PC 27 Srerampur (WB); winner Kalyan Banerjee confirmed on archived results.eci.gov.in candidatewise page
prs,West Bengal|Arambagh,Arambagh,19,19-29,official_lookup,,"ECI PC 29 Arambagh (WB); winner Bag Mitali (PRS: Mitali Bag) confirmed on archived results.eci.gov.in candidatewise page, snapshot 2024-06-04"
prs,West Bengal|Joynagar,Joynagar,19,19-19,official_lookup,,"ECI PC 19 Joynagar (WB); winner Pratima Mondal confirmed on archived results.eci.gov.in candidatewise page, snapshot 2024-06-04"
prs,Dadra and Nagar Haveli|Daman and Diu,Daman and Diu,25,25-1,official_lookup,,"ECI PC 1 Daman & Diu; winner Patel Umeshbhai Babubhai confirmed on archived results.eci.gov.in candidatewise page, snapshot 2024-06-06; PRS names the pre-merger UT for both seat 25-1 and seat 26-2, so state name alone is not enough here — resolved by seat winner"
prs,Bihar|Patliputra,Patliputra,10,10-31,official_lookup,,"ECI PC 31 Patliputra (Bihar); winner Misha Bharti confirmed on archived results.eci.gov.in candidatewise page, snapshot 2024-12-07"
