report_month,ocms_code,sl_no,project_name,sector,agency,state_raw,approval_month,original_doc_month,revised_doc_month,original_cost_cr,revised_cost_cr,cumulative_expenditure_cr,physical_progress_pct,latest_approved_cost_cr,approved_revised_doc_month,delay_months_reported,milestones,annexure,source_page
2012-10-01,N02000010,1,KAKRAPAR ATOMIC POWER PROJECT - 3 and 4,Atomic Energy,NPCIL,Gujarat,2009-10-01,2015-12-01,2016-11-01,11459,11459,1956,,,,11(O),0/70,consolidated,51
2012-10-01,020100040,2,KUDANKULAM APP (NPCIL),Atomic Energy,NPCIL,Tamil Nadu,2001-12-01,2008-12-01,2013-03-01,13171,17270,15030,,,,51(O),39/106,consolidated,51
2012-10-01,020100044,3,"PROTOTYPE FAST BREEDER REACTOR (BHAVINI, 500 MWE)",Atomic Energy,BHAVNI,Tamil Nadu,2003-09-01,2010-09-01,,3492,5677,,,,,,8/82,consolidated,51
2012-10-01,N02000027,4,RAJASTHAN ATOMIC POWER PROJECT -7 and 8 (2X700 MW),Atomic Energy,NPCIL,Rajasthan,2009-10-01,2016-12-01,2017-03-01,12320,12320,1199,,,,3(O),0/69,consolidated,51
2012-10-01,N02000007,5,URANIUM ORE MINE and PROCESSING PLANT AT TUMMALAP,Atomic Energy,UCIL,Andhra Pradesh,2007-09-01,2011-04-01,,1106.29,1106.29,1084.24,,,,,0/0,consolidated,51
2012-10-01,N04000037,6,C/O INTEGRATED PASSENGER TER. BULD. NSCBI AIRPORT,Civil Aviation,AAI,West Bengal,2008-08-01,2011-05-01,2013-03-01,1942.51,2325,2143.57,,,2012-03-01,22(O),0/0,consolidated,51
2012-10-01,N04000050,7,C/o new Airport at Pakyong(Sikkim) Airport,Civil Aviation,AAI,Sikkim,2009-01-01,2011-01-01,2013-04-01,309.46,309.46,185.2,,,2013-04-01,27(O),0/0,consolidated,51
2012-10-01,N04000069,8,Construction of New International Terminal Building,Civil Aviation,AAI,Goa,2010-05-01,2012-05-01,2012-12-01,335.61,335.61,146.09,,,,7(O),0/0,consolidated,51
2012-10-01,N04000038,9,D/O KAMARAJ DOMESTIC TER-PH-II And EXP. ANNA INT.,Civil Aviation,AAI,Tamil Nadu,2008-08-01,2011-01-01,2012-02-01,1808,2015,1724.62,,2015,2012-02-01,,0/0,consolidated,51
2012-10-01,N04000070,10,DEVELOPMENT OF CHANDIGARH INTERNATIONAL AIRPORT(MO,Civil Aviation,AAI,Punjab,2011-02-01,2015-03-01,2015-03-01,452,452,21.36,,,,0(O),0/0,consolidated,51
2012-10-01,N04000065,11,GAGAN PROJECT,Civil Aviation,AAI,Multi State,2008-09-01,2013-06-01,2013-06-01,626,626,373.07,,,,0(O),0/0,consolidated,51
2012-10-01,N06000016,12,ADRIYALA SHAFT PROJECT,Coal,SCCL,Andhra Pradesh,2009-12-01,2013-03-01,2014-07-01,212.34,779.26,456.78,,779.26,2012-09-01,16(O),7/22,consolidated,51
2012-10-01,N06000082,13,AMLAI OC EXPANSION SECTOR 1.50 MTY,Coal,SECL,Chhatisgarh,2009-11-01,2016-03-01,2016-03-01,150.59,198.59,89.5,,,,0(O),2/6,consolidated,51
2012-10-01,N06000010,14,"AMLOHRI EPR (NCL) (6 MTY , INCR.)",Coal,NCL,Madhya pradesh,2009-12-01,2016-03-01,2016-03-01,1352.04,1143.54,374.26,,1143.54,2016-03-01,0(O),2/2,consolidated,52
2012-10-01,N06000067,15,ANANTA OC EXPANSION PH-III 15.0 Mty,Coal,MCL,Orissa,2008-08-01,2012-03-01,2014-03-01,207.28,207.28,100.02,,,,24(O),5/7,consolidated,52
2012-10-01,060100096,16,ASHOK EXPN.OCP -CCL (10 MTY),Coal,CCL,Jharkhandd,2007-12-01,2011-03-01,2013-03-01,471.66,341.63,108.61,,341.63,,24(O),0/2,consolidated,52
2012-10-01,N06000044,17,"BALRAM OCP EXTENSION,MCL (8.00 Mty)",Coal,MCL,Orissa,2007-12-01,2010-03-01,2015-03-01,172.08,172.08,118.51,,,,60(O),4/4,consolidated,52
2012-10-01,N06000099,18,BAROUD OC EXPANSION (RCE)- 3MTY,Coal,SECL,Chhatisgarh,2012-04-01,2016-03-01,2016-03-01,258.56,258.56,39.81,,,,0(O),0/0,consolidated,52
2012-10-01,N06000034,19,"BHUBANESWARI OCP, MCL (20.0 Mty)",Coal,MCL,Orissa,2007-12-01,2017-03-01,2017-03-01,490,490.1,115.91,,,,0(O),6/12,consolidated,52
2012-10-01,N06000019,20,BINA EXTN. PROJ(6.0 Mtpa),Coal,NCL,Multi State,2006-11-01,2014-03-01,2014-03-01,168.97,168.97,40.35,,168.97,2014-03-01,0(O),1/2,consolidated,52
2012-10-01,N06000009,21,BLOCK-B OCP NCL (3.5 MTY),Coal,NCL,Madhya pradesh,2011-06-01,2015-03-01,2015-03-01,746.04,535.1,162.06,,535.1,2015-03-01,0(O),0/0,consolidated,52
2012-10-01,N06000049,22,Batura OCP (2.0 MTY),Coal,SECL,Madhya pradesh,2008-09-01,2015-03-01,2015-03-01,203.82,203.82,,,,,0(O),1/1,consolidated,52
2012-10-01,N06000046,23,CHURCHA ROUG (1.35MTY),Coal,SECL,Chhatisgarh,2008-06-01,2014-03-01,2014-03-01,462.35,462.35,263.73,,,,0(O),2/7,consolidated,52
2012-10-01,N06000083,24,Churi Benti UG,Coal,CCL,Jharkhandd,2007-08-01,2011-03-01,2014-03-01,163.51,163.51,34.58,,,,36(O),1/2,consolidated,52
2012-10-01,060100094,25,DIPKA EXPANSION OCP (SECL) (20- 25 MTY),Coal,SECL,Chhatisgarh,2009-12-01,2014-03-01,2014-03-01,1943.66,1943.66,1231.48,,,,0(O),6/12,consolidated,52
2012-10-01,060100093,26,GEVRA EXPANSION OCP (SECL) (25- 35) MTY,Coal,SECL,Chhatisgarh,2010-06-01,2014-03-01,2014-03-01,2675.67,2675.67,1391.2,,,,0(O),10/15,consolidated,52
2012-10-01,N06000042,27,GOPAL PRASAD OCP (15MTY),Coal,MCL,Orissa,2008-02-01,2015-03-01,2015-03-01,395.87,395.87,70.82,,,,0(O),2/12,consolidated,52
2012-10-01,N06000068,28,HINGULA OC-II EXP PH-III (15 MTY),Coal,MCL,Orissa,2008-11-01,2013-03-01,2013-03-01,479.63,479.63,110.91,,,,0(O),5/7,consolidated,52
2012-10-01,N06000075,29,JAGANNATHPUR OCP(3.00 MTY),Coal,SECL,Chhatisgarh,2008-09-01,2015-03-01,2017-03-01,152.43,152.43,,,,,24(O),1/6,consolidated,52
2012-10-01,N06000094,30,JALAGAM VENGALA RAO OCP,Coal,SCCL,Andhra Pradesh,2011-07-01,2015-03-01,2015-03-01,447.06,447.06,,,,,0(O),4/31,consolidated,52
2012-10-01,N06000025,31,JALLARAM SHAFT PROJECT,Coal,SCCL,Andhra Pradesh,2007-09-01,2013-03-01,2013-03-01,467.78,467.78,12.31,,,,0(O),4/83,consolidated,52
2012-10-01,N06000020,32,JHANJRA R-VI SEAM PSLW,Coal,ECL,West Bengal,2006-11-01,2011-03-01,2015-03-01,287.18,287.17,0.82,,,,48(O),0/1,consolidated,52
2012-10-01,N06000048,33,KAKATIYA LONGWALL,Coal,SCCL,Andhra Pradesh,2008-12-01,2012-12-01,2015-03-01,453.63,453.63,81.94,,,,27(O),8/44,consolidated,52
2012-10-01,N06000035,34,"KANIHA OCP, MCL, (10.0 Mty)",Coal,MCL,Orissa,2007-12-01,2013-03-01,2013-03-01,457.77,457.77,111.49,,,,0(O),6/11,consolidated,52
2012-10-01,N06000088,35,KARMA OCP,Coal,CCL,Jharkhandd,2009-06-01,2014-03-01,2014-03-01,162.46,162.46,30.89,,,,0(O),0/0,consolidated,52
2012-10-01,N06000076,36,KARTALI (EAST) OCP(2.50 MTY),Coal,SECL,Chhatisgarh,2008-07-01,2014-03-01,2016-03-01,178.44,178.44,,,,,24(O),1/6,consolidated,52
2012-10-01,N06000091,37,"KHADIA EXPANSION OPENCAST PROJECT 4 TO 10 MTPA,6MT",Coal,NCL,Uttar Pradesh,2011-06-01,2018-03-01,2018-03-01,1131.28,1131.28,1.51,,1131.28,2018-03-01,0(O),0/0,consolidated,53
2012-10-01,N06000007,38,KRISHNASHILA (NCL) (4MTY),Coal,NCL,Uttar Pradesh,2011-06-01,2013-03-01,2013-03-01,789.88,741.62,334.67,,741.62,,0(O),2/2,consolidated,53
2012-10-01,060100092,39,KULDA OCP (MAHANADI COALFIELDS LTD),Coal,MCL,Orissa,2005-01-01,2010-03-01,2014-03-01,302.96,302.96,105.97,,,,48(O),9/11,consolidated,53
2012-10-01,N06000008,40,KUSMUNDA EXPN.OCP(SECL)(10- 15MTY),Coal,SECL,Chhatisgarh,2008-06-01,2013-03-01,2013-03-01,1188.31,1188.31,674.36,,,,0(O),0/8,consolidated,53
2012-10-01,N06000089,41,Kistaram OCP,Coal,SCCL,Andhra Pradesh,2010-11-01,2015-03-01,2015-03-01,242.29,242.29,,,,,0(O),0/28,consolidated,53
2012-10-01,N06000015,42,MAGADH OC (CCL),Coal,CCL,Jharkhandd,2008-08-01,2012-07-01,2016-03-01,469.78,706.4,19.23,,,,44(O),1/2,consolidated,53
2012-10-01,N06000081,43,MANIKPUR OC EXPANSION (3.5 MTY),Coal,SECL,Chhatisgarh,2009-12-01,2014-03-01,2014-03-01,321.42,321.5,204.7,,,,0(O),1/5,consolidated,53
2012-10-01,N06000080,44,MANUGURU OC-II EXTENSION PHASE-II,Coal,SCCL,Andhra Pradesh,2010-03-01,2012-03-01,2014-03-01,181.19,181.19,39.31,,,,24(O),10/34,consolidated,53
2012-10-01,N06000098,45,Moonidih XV Seam UG,Coal,BCCL,Jharkhandd,2011-08-01,2015-04-01,2015-04-01,1230.27,1230.27,,,,,0(O),0/0,consolidated,53
2012-10-01,N06000096,46,Muraidih UG,Coal,BCCL,Jharkhandd,2011-02-01,2014-04-01,2014-04-01,339.88,339.88,,,,,0(O),0/0,consolidated,53
2012-10-01,N06000095,47,NEYVELI NEW THERMAL POWER PROJECT(2x500 MW),Coal,NLC,Tamil Nadu,2011-06-01,2015-12-01,2017-08-01,5907.11,5907.11,23.99,,,,20(O),0/33,consolidated,53
2012-10-01,N06000033,48,"NIGAHI OC EXPANSION PROJECT 10 MTY TO 15 MTY, SINGRAULI",Coal,NCL,Madhya pradesh,2007-10-01,2012-03-01,2015-03-01,259.4,259.4,1.73,,,,36(O),0/1,consolidated,53
2012-10-01,N06000084,49,North Urimari OCP,Coal,CCL,Jharkhandd,2007-12-01,2012-03-01,2014-03-01,179.87,179.87,60.74,,,,24(O),0/2,consolidated,53
2012-10-01,N06000045,50,PELMA OCP(10.00MTY),Coal,SECL,Chhatisgarh,2008-07-01,2015-03-01,2015-03-01,448.32,448.32,,,,,0(O),1/1,consolidated,53
2012-10-01,N06000066,51,PENGANGA OC,Coal,WCL,Maharashtra,2008-10-01,2014-03-01,2016-03-01,339.77,339.77,0.88,,,,24(O),0/1,consolidated,53
2012-10-01,N06000085,52,Purnadih OCP,Coal,CCL,Jharkhandd,2008-07-01,2013-03-01,2013-03-01,210.98,210.98,87.89,,,,0(O),0/2,consolidated,53
2012-10-01,N06000056,53,RAJMAHAL OC EXP.,Coal,ECL,Jharkhandd,2009-09-01,2014-03-01,2014-03-01,153.82,153.82,24.39,,,,0(O),0/1,consolidated,53
2012-10-01,N06000078,54,RAMAGUNDAM OC-II EXTENSION,Coal,SCCL,Andhra Pradesh,2009-12-01,2012-03-01,2014-03-01,418.97,418.97,114.59,,,,24(O),24/27,consolidated,53
2012-10-01,N06000093,55,RCE OF INDARAM OCP(1.20 MTPA),Coal,SCCL,Andhra Pradesh,2011-07-01,2015-03-01,2015-03-01,162.76,162.76,2.48,,,,0(O),4/29,consolidated,53
2012-10-01,N06000079,56,RKP OCP PHASE-I,Coal,SCCL,Andhra Pradesh,2010-03-01,2015-03-01,2015-03-01,209.78,209.78,27.95,,,,0(O),4/31,consolidated,53
2012-10-01,N06000087,57,Rajrappa RCE OCP,Coal,CCL,Jharkhandd,2009-12-01,2016-03-01,2016-03-01,510.85,510.85,269,,,,0(O),1/2,consolidated,53
2012-10-01,N06000017,58,SHANTIKHANI LONGWALL PROJ- SCCL,Coal,SCCL,Andhra Pradesh,2006-10-01,2012-03-01,,249.03,249.03,48.63,,,,,11/42,consolidated,53
2012-10-01,N06000043,59,TALABIRA OCP,Coal,MCL,Orissa,2008-03-01,2016-03-01,2016-03-01,447.72,447.72,44.49,,,,0(O),1/12,consolidated,54
2012-10-01,060100087,60,TPS-II EXPANSION (1470MW TO 1970MW) (NLC),Coal,NLC,Tamil Nadu,2004-10-01,2009-06-01,2013-03-01,2030.78,3027.59,2497.44,,3027.59,,45(O),19/24,consolidated,54
2012-10-01,N06000047,61,TUTICORIN THERMAL POWER PROJECT- 2X500 MW,Coal,NLC,Tamil Nadu,2008-05-01,2012-03-01,2014-03-01,4904.54,4909.54,3537.3,,,,24(O),0/39,consolidated,54
2012-10-01,N06000086,62,Tapin OCP,Coal,CCL,Jharkhandd,2008-08-01,2012-03-01,2014-03-01,264.68,264.68,106.67,,,,24(O),0/2,consolidated,54
2012-10-01,N08000005,63,BATHINDA - AMMONIA PLANT FEEDSTOCK CHANGEOVER PROJ,Fertilisers,NFL,Punjab,2010-01-01,2013-01-01,2013-01-01,1294.19,1294.19,769,,,,0(O),0/5,consolidated,54
2012-10-01,N08000008,64,CAPACITY ENHANCEMENT OF AMMONIA AND UREA PLANT VIJ,Fertilisers,NFL,Madhya pradesh,2008-09-01,2011-07-01,2012-07-01,438,438,239.93,,,,,0/0,consolidated,54
2012-10-01,N08000007,65,CAPACITY ENHANCEMENT OF VIJAIPUR-I PLANTS,Fertilisers,NFL,Madhya pradesh,2008-09-01,2011-07-01,2012-04-01,325,325,185.1,,,,,0/0,consolidated,54
2012-10-01,N08000002,66,DUMMY PROJECT FOR FERTILISERS,Fertilisers,RCF,Multi State,2007-04-01,2009-11-01,2011-10-01,325,325,,,,,,0/0,consolidated,54
2012-10-01,N08000006,67,NANGAL - AMMONIA PLANT FEEDSTOCK PROJECT,Fertilisers,NFL,Punjab,2010-01-01,2013-01-01,2012-12-01,1478.63,1478.63,890,,,2012-12-01,-1(O),8/8,consolidated,54
2012-10-01,N08000004,68,PANIPAT - AMMONIA PLANT FEEDSTOCK CHANGEOVER PROJE,Fertilisers,NFL,Haryana,2010-01-01,2013-01-01,2013-01-01,1292.84,1292.84,791,,,,0(O),0/5,consolidated,54
2012-10-01,N12000072,69,"1.2 MTPA PELLET PLANT PROJECT ,DONIMALAI (NMDC)",Steel,NMDC,Karnataka,2011-04-01,,2013-04-01,572,572,196.51,,,,,13/19,consolidated,54
2012-10-01,N12000069,70,330 TPH BOILER-6 AND AUXILIARY SYSTEM,Steel,RINL,Andhra Pradesh,2007-07-01,2010-08-01,2012-12-01,260,350,249.29,,,,28(O),0/1,consolidated,54
2012-10-01,N12000068,71,67.5 MW TG-5 AUX. S'TEM EMERGENCY POWER REQUIREM,Steel,RINL,Andhra Pradesh,2007-07-01,2011-02-01,2013-01-01,230,343.58,253.16,,,,23(O),2/3,consolidated,54
2012-10-01,N12000073,72,7.0 MTPA KUMARASWAMY IRON ORE MINE PROJECT (NMDC),Steel,NMDC,Karnataka,2011-02-01,,2013-11-01,898.55,898.55,124.66,,,,,11/21,consolidated,54
2012-10-01,N12000053,73,Augmentation of Iron Ore Storage in RMHP,Steel,RINL,Multi State,2008-05-01,2012-05-01,2013-06-01,480,450,220.9,,,,13(O),1/2,consolidated,54
2012-10-01,N12000018,74,Bailadila Iron Ore Project Deposit- 11B (NMDC),Steel,NMDC,Chhatisgarh,2007-01-01,2011-12-01,2013-01-01,295.89,607.17,341.42,,607.17,2012-03-01,13(O),16/21,consolidated,55
2012-10-01,N12000038,75,COKE OVEN BATTERY NO. 4 PHASE- II,Steel,RINL,Andhra Pradesh,2007-08-01,2012-10-01,2012-12-01,108,216.68,116.79,,,,2(O),3/4,consolidated,55
2012-10-01,N12000078,76,"Cold repair of Coke Oven Battery-9 at BSP, Bhilai, chattisga",Steel,SAIL,Delhi,2012-07-01,2014-08-01,2014-08-01,332.65,332.65,,,,,0(O),0/0,consolidated,55
2012-10-01,N12000075,77,ENHANCEMENT OF PRODUCTION CAPACITY AT BOLANI IRON,Steel,SAIL,Orissa,2011-11-01,2013-11-01,2013-11-01,254.55,254.55,11.73,,,,0(O),1/1,consolidated,55
2012-10-01,N12000057,78,EXPANSION OF BHILAI STEEL PLANT,Steel,SAIL,Chhatisgarh,2008-09-01,2013-03-01,2013-09-01,17265,17265,6832.86,,,,6(O),20/27,consolidated,55
2012-10-01,N12000055,79,EXPANSION OF BOKARO STEEL PLANT,Steel,SAIL,Jharkhandd,2008-01-01,2011-12-01,2012-12-01,6325,6325,3082.76,,,,12(O),11/16,consolidated,55
2012-10-01,N12000074,80,EXPANSION OF DURGAPUR STEEL PLANT,Steel,SAIL,West Bengal,2009-06-01,2012-12-01,2013-03-01,2875,2875,1186.14,,,,3(O),9/12,consolidated,55
2012-10-01,N12000051,81,EXPANSION OF IISCO STEEL PLANT,Steel,SAIL,West Bengal,2008-02-01,2011-12-01,2012-12-01,14443,16408,13891.89,,16408,,12(O),17/19,consolidated,55
2012-10-01,120100067,82,EXPANSION OF RINL/VSP FROM 3 MTPY-6.3 MTPY OF LIQUID STEEL,Steel,RINL,Andhra Pradesh,2005-10-01,2009-10-01,2013-03-01,8692,12291,9838.39,,,,41(O),62/64,consolidated,55
2012-10-01,N12000056,83,Expansion of Rourkela Steel Plant,Steel,SAIL,Orissa,2008-09-01,2013-11-01,2013-03-01,11812,11812,8028.81,,11812,,-8(O),8/14,consolidated,55
2012-10-01,N12000076,84,INSTALLATION OF 1x45 MVA Submerged Arc Furnace AT,Steel,SAIL,Maharashtra,2011-12-01,,2013-12-01,187.33,187.33,,,,,,0/1,consolidated,55
2012-10-01,N12000079,85,"Rebuilding of Coke Oven Battery-3 at RSP, Rourkela, Oddisha",Steel,SAIL,Delhi,2012-01-01,2014-12-01,2014-12-01,254.9,254.9,0.26,,,,0(O),0/0,consolidated,55
2012-10-01,N16000106,86,ASSAM GAS CRACKER PROJECT,Petrochemicals,BCPL,Assam,2006-04-01,2012-04-01,2013-12-01,5460.61,8920,5669.55,,8920,2013-12-01,20(O),13/29,consolidated,55
2012-10-01,N16000119,87,102 MW WIND POWER PROJECT,Petroleum,ONGC,Rajasthan,2010-07-01,2012-06-01,2013-10-01,1106,820,,,,,16(O),0/0,consolidated,55
2012-10-01,N16000086,88,ADDITIONAL DEV. OF D-1 FIELD,Petroleum,ONGC,Multi State,2010-01-01,2012-06-01,2013-06-01,2163.64,2163.64,1147.97,,,,12(O),0/0,consolidated,55
2012-10-01,N16000065,89,ADDITIONAL GAS PROCESSING FACILITY AT HAZIRA,Petroleum,ONGC,Gujarat,2008-02-01,2011-04-01,2012-11-01,370.11,370.11,254.36,,,,19(O),0/0,consolidated,55
2012-10-01,N16000064,90,ADDITIONAL GAS PROCESSING UNITS AT URAN,Petroleum,ONGC,Maharashtra,2008-10-01,2011-12-01,2013-01-01,1797.35,977,542.37,,,,13(O),0/0,consolidated,55
2012-10-01,N16000061,91,ASSAM RENEWAL PROJECT FOR GROUP A,Petroleum,ONGC,Assam,2009-03-01,2013-03-01,2014-03-01,2465.15,2378.86,1001.96,,,,12(O),0/0,consolidated,56
2012-10-01,N16000120,92,Ahmedabad Redevelopment,Petroleum,ONGC,Gujarat,2010-11-01,2014-12-01,2014-12-01,1916.1,1916.1,614.17,,,,0(O),0/0,consolidated,56
2012-10-01,N16000122,93,Ankleswar Redevelopment,Petroleum,ONGC,Gujarat,2010-11-01,2014-12-01,2014-12-01,2189.63,2189.63,4.84,,,,0(O),0/0,consolidated,56
2012-10-01,N16000094,94,BNPL SPURLINE (UTTRANCHAL AND PUNJAB),Petroleum,GAIL,Multi State,2009-12-01,2012-07-01,2013-06-01,540.92,460.7,257.66,,,2012-07-01,11(O),0/16,consolidated,56
2012-10-01,N16000108,95,BUTADIENE EXTRACTION UNIT (BDEU) AT PANIPAT,Petroleum,IOCL,Haryana,2009-11-01,2013-02-01,2013-02-01,341.5,341.5,140.89,,,,0(O),38/42,consolidated,56
2012-10-01,N16000139,96,Butene-1 at Panipat,Petroleum,IOCL,Haryana,2012-02-01,2014-03-01,2014-03-01,190,190,13.17,,,,0(O),0/0,consolidated,56
2012-10-01,N16000110,97,CDU/VDU-II,Petroleum,CPCL,Tamil Nadu,2010-03-01,,2012-09-01,333.99,333.99,210.76,,,,,36/36,consolidated,56
2012-10-01,N16000054,98,COMPRESSOR STATIONS (KAILARAS AND CHAINSA),Petroleum,GAIL,Multi State,2007-11-01,2011-04-01,2012-10-01,1167,798,742.54,,,2011-12-01,18(O),2/2,consolidated,56
2012-10-01,N16000084,99,CONSTRUCTION OF 12 OFFSHORE SUPPLY VESSELS(OSV),Petroleum,ONGC,Multi State,2007-06-01,2011-09-01,2013-08-01,736.65,736.65,344.37,,,,23(O),0/0,consolidated,56
2012-10-01,N16000030,100,CONSTRUCTION OF NEW PROCESS COMPLEX MHN,Petroleum,ONGC,Maharashtra,2007-01-01,2010-05-01,2012-11-01,2853.29,6326.4,5582.27,,6326.4,2012-05-01,30(O),0/0,consolidated,56
2012-10-01,N16000066,101,CONSTRUCTION OF NEW TERMINAL AT ENNORE CHENNAI,Petroleum,HPCL,Tamil Nadu,2008-01-01,2011-08-01,,224,394,368.23,,394,,,0/22,consolidated,56
2012-10-01,N16000128,102,CONVERSION OF RIG SAGAR SAMRAT TO MOBILE OFFSHORE,Petroleum,ONGC,Maharashtra,2011-03-01,2013-05-01,2013-05-01,861.79,756.65,75.23,,,,0(O),0/0,consolidated,56
2012-10-01,N16000123,103,Construction of 23 Immediate Supply Vessels (ISV),Petroleum,ONGC,Multi State,2010-11-01,2013-08-01,2014-01-01,331.2,269.1,,,,,5(O),0/0,consolidated,56
2012-10-01,N16000117,104,Construction of 6 ETPs,Petroleum,ONGC,Gujarat,2009-03-01,2012-09-01,2013-09-01,302.26,240.95,46.73,,,,12(O),0/0,consolidated,56
2012-10-01,N16000103,105,Construction of one Multipurpose Support Vessel,Petroleum,ONGC,Multi State,2010-01-01,2013-03-01,2013-11-01,723.64,723.64,,,,,8(O),0/0,consolidated,56
2012-10-01,N16000115,106,Construction of tanks and blending facility at Vad,Petroleum,IOCL,Gujarat,2009-02-01,2012-09-01,2012-09-01,267,267,215.27,,,,,0/0,consolidated,56
2012-10-01,N16000073,107,DABHOL-BANGALORE PIPELINE PROJECT PHASE-I,Petroleum,GAIL,Multi State,2009-06-01,2012-03-01,2012-12-01,4543.43,2300,1934.89,,4508.38,2012-08-01,9(O),0/17,consolidated,56
2012-10-01,N16000089,108,DE-BOTTLENECKING OF SMPL (Salaya-Mathura crude pip,Petroleum,IOCL,Maharashtra,2009-12-01,,,1584,1584,46.69,,,,,0/0,consolidated,56
2012-10-01,160100231,109,DEV OF G1 AND GS-15 (ONGCL),Petroleum,ONGC,Multi State,2003-04-01,2006-04-01,2013-06-01,429.82,2735.65,2184,,2735.65,2012-06-01,86(O),0/0,consolidated,56
2012-10-01,N16000033,110,DEVELOPMENT OF B-193 CLUSTER FIELDS,Petroleum,ONGC,Maharashtra,2007-06-01,2010-08-01,2013-12-01,3248.78,5633.44,3851.49,,5633.44,2012-03-01,40(O),0/0,consolidated,57
2012-10-01,N16000032,111,DEVELOPMENT OF B-22 CLUSTER FIELDS,Petroleum,ONGC,Maharashtra,2007-01-01,2010-09-01,2013-04-01,2323.4,2920.82,1858.42,,2920.82,2012-03-01,31(O),0/0,consolidated,57
2012-10-01,N16000046,112,DEVELOPMENT OF B-46 CLUSTER FIELD,Petroleum,ONGC,Maharashtra,2007-06-01,2010-07-01,2013-05-01,1436.21,1436.21,872.82,,1456.96,2012-05-01,34(O),0/0,consolidated,57
2012-10-01,N16000023,113,DEVELOPMENT OF C-SERIES FIELDS,Petroleum,ONGC,Maharashtra,2006-08-01,2008-12-01,2013-04-01,3195.16,3690.37,2520.91,,3690.37,2013-04-01,52(O),0/0,consolidated,57
2012-10-01,N16000069,114,DIESEL HYDROTREATOR PROJECT AT MUMBAI REFINERY,Petroleum,HPCL,Maharashtra,2009-03-01,2011-09-01,2012-09-01,3284,2174,1203.81,,2174,2012-09-01,,0/76,consolidated,57
2012-10-01,N16000068,115,DIESEL HYDROTREATOR PROJECT AT VISAKH REFINERY,Petroleum,HPCL,Andhra Pradesh,2009-03-01,2011-09-01,2012-11-01,3597,2730,1352.39,,2730,2012-03-01,14(O),0/0,consolidated,57
2012-10-01,N16000118,116,Development of BHE and BH-35 Area.,Petroleum,ONGC,Multi State,2010-08-01,2013-03-01,2013-04-01,372.11,372.11,83.49,,,,1(O),0/0,consolidated,57
2012-10-01,N16000133,117,Development of C-26 Cluster Fields,Petroleum,ONGC,Maharashtra,2012-03-01,2014-05-01,2014-05-01,2592.17,2592.17,,,,,0(O),0/0,consolidated,57
2012-10-01,N16000104,118,Development of Cluster-7 Fields,Petroleum,ONGC,Multi State,2010-03-01,2013-03-01,2014-04-01,3241.03,3241.03,481.95,,,,13(O),0/0,consolidated,57
2012-10-01,N16000116,119,Development of SB-14 field,Petroleum,ONGC,Multi State,2011-01-01,2012-11-01,2013-10-01,410.44,410.44,62.72,,,,11(O),0/0,consolidated,57
2012-10-01,N16000105,120,Development of WO-16 Cluster Fields,Petroleum,ONGC,Multi State,2010-06-01,2014-01-01,2014-01-01,2523,2523,336.22,,,,0(O),0/0,consolidated,57
2012-10-01,N16000136,121,Development of Western Periphery of MH South Field,Petroleum,ONGC,Multi State,2012-04-01,2014-12-01,2014-12-01,600.17,600.17,,,,,0(O),0/0,consolidated,57
2012-10-01,N16000109,122,EURO-IV DHDT,Petroleum,CPCL,Tamil Nadu,2008-09-01,,2012-11-01,2615.69,2615.69,1965.44,,,,,114/116,consolidated,57
2012-10-01,N16000107,123,Fluidized catalytic cracking unit(FCCU) revamp,Petroleum,IOCL,Uttar Pradesh,2010-07-01,2013-01-01,2013-06-01,1000,1000,281.04,,,,5(O),18/18,consolidated,57
2012-10-01,N16000081,124,HYDROCRACKER REVAMP AND SETTING UP A NEW CCR AT MU,Petroleum,BPCL,Maharashtra,2008-04-01,2013-04-01,2013-04-01,825,1827,611.55,,1827,2013-04-01,0(O),0/167,consolidated,57
2012-10-01,N16000132,125,Heera and South Heera Redevelopment Ph-II,Petroleum,ONGC,Maharashtra,2012-03-01,2015-05-01,2015-05-01,5608.4,5608.4,,,,,0(O),0/0,consolidated,57
2012-10-01,N16000090,126,INTEGRATED OFFSHORE CRUDE OIL HANDLING FACILITIES,Petroleum,IOCL,Orissa,2009-12-01,2012-06-01,2013-03-01,1492.33,1492.33,1164.61,,,2013-03-01,9(O),8/8,consolidated,57
2012-10-01,160100216,127,IOR GELEKI (ONGCL),Petroleum,ONGC,Assam,2001-09-01,2007-03-01,2017-03-01,390.09,1674.11,1556,,1674.11,2017-03-01,120(O),6/6,consolidated,57
2012-10-01,160100215,128,IOR LAKWA - LAKHMANI (ONGCL),Petroleum,ONGC,Assam,2001-09-01,2007-03-01,2014-03-01,345.1,663.69,634.47,,663.69,2014-03-01,84(O),3/3,consolidated,57
2012-10-01,N16000140,129,IOR of B-173A Field,Petroleum,ONGC,Multi State,2012-01-01,2014-03-01,2014-03-01,352.49,352.49,,,,,0(O),0/0,consolidated,57
2012-10-01,160100217,130,"IOR, RUDRASAGAR (ONGCL)",Petroleum,ONGC,Assam,2001-09-01,2006-03-01,2013-03-01,113.9,438.85,277.79,,438.85,2013-03-01,84(O),6/6,consolidated,57
2012-10-01,N16000143,131,IREP,Petroleum,BPCL,Kerala,1999-01-01,2015-12-01,2015-12-01,14225,14225,9.21,,,,0(O),0/0,consolidated,58
2012-10-01,N16000131,132,Integrated Development of B-127 fields,Petroleum,ONGC,Maharashtra,2011-12-01,2015-03-01,2015-03-01,2059.63,2059.63,,,,,0(O),0/0,consolidated,58
2012-10-01,N16000072,133,JAGDISHPUR-HALDIA PIPELINE PROJECT PHASE-I,Petroleum,GAIL,Multi State,2009-07-01,2013-01-01,2015-07-01,7596.18,7596.18,2.54,,,,30(O),0/0,consolidated,58
2012-10-01,N16000051,134,JHAJJAR HISSAR PIPE LINE PROJECT,Petroleum,GAIL,Haryana,2007-11-01,2010-10-01,2014-12-01,281.07,281.07,4.49,,,,50(O),0/0,consolidated,58
2012-10-01,N16000070,135,KARANPUR MORADABAD-KASHIPUR- RUDRAPUR PIPELINE PROJECT PHASE-,Petroleum,GAIL,Multi State,2009-07-01,2012-01-01,2012-12-01,238.68,312,266.34,,312,2012-01-01,11(O),0/1,consolidated,58
2012-10-01,N16000129,136,KOCHI-KOOTANAD BANGALORE MANGALORE PIPELINE PROJEC,Petroleum,GAIL,Multi State,2009-06-01,2012-12-01,2013-12-01,2915,2915,1080.01,,,2012-12-01,12(O),0/21,consolidated,58
2012-10-01,N16000071,137,KOCHI-KOOTANAD BANGALORE- MANGALORE PIPELINE PROJEC,Petroleum,GAIL,Multi State,2009-06-01,2012-03-01,,348,261,202.27,,,2012-08-01,,2/4,consolidated,58
2012-10-01,N16000114,138,MRPL Phase-III Expansion,Petroleum,Mangalore Refin,Karnataka,2008-08-01,2012-01-01,2013-03-01,12412,12160.26,9397.26,,12160.26,,14(O),0/108,consolidated,58
2012-10-01,N16000060,139,MUMBAI HIGH NORTH DEVELOPMENT PHASE-II,Petroleum,ONGC,Maharashtra,2009-01-01,2012-09-01,2013-09-01,7133.39,6855.93,4258.26,,,,12(O),0/0,consolidated,58
2012-10-01,N16000039,140,MUMBAI HIGH SOUTH REDEVELOPMENT PH-2,Petroleum,ONGC,Maharashtra,2007-10-01,2010-05-01,2013-03-01,5713.03,8813.41,7084.54,,8813.41,2013-03-01,34(O),0/0,consolidated,58
2012-10-01,N16000121,141,Mehesana Redevelopment,Petroleum,ONGC,Gujarat,2010-11-01,2015-04-01,2015-04-01,3823,3823,701.81,,,,0(O),0/0,consolidated,58
2012-10-01,N16000096,142,North Tapti Gas Field Development,Petroleum,ONGC,Multi State,2008-07-01,2011-03-01,2013-03-01,589.7,755.76,679.99,,755.76,2011-05-01,24(O),0/0,consolidated,58
2012-10-01,N16000031,143,OFFSHORE GRID INTERCONNECTIVITY PROJECT IN MUMBAI HIGH,Petroleum,ONGC,Maharashtra,2007-01-01,2010-03-01,2013-05-01,740.02,740.02,539.45,,,2012-03-01,38(O),0/0,consolidated,58
2012-10-01,N16000058,144,PARADIP REFINERY PROJECT,Petroleum,IOCL,Orissa,2009-02-01,2012-11-01,2013-09-01,29777,30426,18612,,,2013-09-01,10(O),60/100,consolidated,58
2012-10-01,N16000088,145,PARADIP-RAIPUR- RANCHI PIPELINE,Petroleum,IOCL,Multi State,2009-08-01,2012-09-01,2012-09-01,1793,1793,700.55,,,,,0/11,consolidated,58
2012-10-01,N16000112,146,PETROCHEMICAL COMPLEX-II AT VIJAYPUR AND PATA,Petroleum,GAIL,Multi State,2010-08-01,2014-02-01,2014-02-01,8140,8140,2015.84,,,,0(O),0/0,consolidated,58
2012-10-01,N16000138,147,PIPELINE FOR TRANSFER OF LPG FROM BPCR/HPCR TO URAN LPG PLAN,Petroleum,BPCL,Maharashtra,2009-08-01,2012-04-01,,246.81,246.81,184,,,,,0/0,consolidated,58
2012-10-01,N16000137,148,Pipeline Replacement Project-3,Petroleum,ONGC,Multi State,2012-04-01,2014-05-01,2014-05-01,2547.26,1417,17.28,,,,0(O),0/0,consolidated,58
2012-10-01,N16000113,149,Polypropylene unit,Petroleum,Mangalore Refin,Karnataka,2009-05-01,2012-07-01,2013-06-01,1803.78,1803.78,630.38,,,,11(O),0/31,consolidated,58
2012-10-01,N16000057,150,RESITEMENT OF MARKETING INSTALATION AT VISAKHAPATT,Petroleum,HPCL,Andhra Pradesh,2009-01-01,2012-03-01,2012-08-01,756,898,904.59,,,,,0/53,consolidated,58
2012-10-01,N16000142,151,Replacement of CDU/VDU at Mumbai Refinery,Petroleum,BPCL,Maharashtra,1999-01-01,2014-12-01,2014-12-01,1419,1419,1.07,,,,0(O),0/0,consolidated,59
2012-10-01,N16000144,152,SYSTEM STRENGTHENING - XVII IN SOUTHERN REGIONAL GRID,Petroleum,PGCIL,Multi State,2012-09-01,2016-06-01,2016-06-01,1508.74,1508.74,,,,,0(O),0/0,consolidated,59
2012-10-01,N16000098,153,Up-gradation of Konaban GGS and Pipeline Grid Project,Petroleum,ONGC,Tripura,2008-07-01,2012-08-01,2013-03-01,288.04,288.04,154.37,,288.04,,7(O),0/0,consolidated,59
2012-10-01,N16000093,154,VKPL UPGRADATION AND LAYING OF SPURLINE (TO BHILWARA AND CHI,Petroleum,GAIL,Multi State,2009-12-01,2012-03-01,2013-03-01,463.32,330.47,234.59,,,,12(O),13/20,consolidated,59
2012-10-01,N16000101,155,Wax Project,Petroleum,NRL,Assam,2010-06-01,2013-12-01,2013-12-01,576.6,576.6,82.54,,,2013-12-01,0(O),0/0,consolidated,59
2012-10-01,N18000069,156,765 KV POOLING STATION AND NETWORK WITH DVC AND MA,Power,PGCIL,Multi State,2008-08-01,2012-08-01,2013-03-01,7075.33,7075.33,5442.1,,,,7(O),0/11,consolidated,59
2012-10-01,N18000068,157,765 KV SYSTEM FOR CENTRAL PART OF NORTHERN GRID PA,Power,PGCIL,Multi State,2009-02-01,2012-02-01,2012-11-01,1347.32,1347.32,1112.7,,,,9(O),0/7,consolidated,59
2012-10-01,N18000079,158,765KV SYSTEM FOR CENTRAL PART OF NORTHERN GRID PAR,Power,PGCIL,Multi State,2009-11-01,2012-05-01,2012-12-01,1075.12,1075.12,665.6,,,,7(O),0/11,consolidated,59
2012-10-01,N18000078,159,765KV SYSTEM FOR CENTRAL PART OF NORTHERN REGION G,Power,PGCIL,Multi State,2009-07-01,2012-06-01,2012-11-01,1736.36,1736.36,1029.3,,,,5(O),0/4,consolidated,59
2012-10-01,N18000047,160,BARH STPP STAGE -II,Power,NTPC,Bihar,2008-02-01,2013-08-01,2014-09-01,7341.04,7341.04,4720,,,,13(O),7/19,consolidated,59
2012-10-01,180100242,161,BARH STPP STAGE I (3X660MW) NTPC,Power,NTPC,Bihar,2003-12-01,2009-12-01,2016-03-01,8692.97,8693,7510,,,2014-12-01,75(O),26/47,consolidated,59
2012-10-01,N18000041,162,BONGAIGAON THERMAL POWER PROJECT,Power,NTPC,Assam,2008-01-01,2011-07-01,2014-11-01,4375.35,4375.35,3385,,,,40(O),4/28,consolidated,59
2012-10-01,N18000007,163,CHUTAK HYDRO-ELECTRIC PROJECT (NHPC),Power,NHPC,J and K,2006-08-01,2011-02-01,2012-11-01,621.26,913,764.03,,,2012-10-01,21(O),2/4,consolidated,59
2012-10-01,N18000111,164,COMMON SYSTEM ASSOCIATED WITH ISGS PROJECTS IN KRISHNAPATTNA,Power,PGCIL,Andhra Pradesh,2011-08-01,2014-08-01,2014-08-01,1637.34,1637.34,300.6,,,,0(O),0/20,consolidated,59
2012-10-01,N18000126,165,COMMON SYSTEM ASSOCIATED WITH ISGS PROJECTS IN VEMAGIRI AREA,Power,PGCIL,Andhra Pradesh,2012-03-01,2014-06-01,2014-06-01,206.44,206.44,25.5,,,,0(O),0/20,consolidated,59
2012-10-01,N18000103,166,Common System Associated with Coastal Energen Priv,Power,PGCIL,Tamil Nadu,2011-09-01,2014-09-01,2014-09-01,1940.13,1940.13,339.9,,,,0(O),8/19,consolidated,59
2012-10-01,N18000004,167,EASTERN REGION STRENGTHENING SCHEME-I,Power,PGCIL,Multi State,2006-10-01,2009-10-01,2013-03-01,975.96,975.96,867.25,,,,41(O),20/20,consolidated,60
2012-10-01,N18000100,168,EASTERN REGION TRANSMISSION SYSTEM-III,Power,PGCIL,Multi State,2010-07-01,2012-11-01,2014-03-01,1272.8,1272.8,450.2,,,,16(O),3/11,consolidated,60
2012-10-01,N18000123,169,ESTABLISHMENT OF FIBER OPTIC COMMUNICATION SYSTEM IN NORTHER,Power,PGCIL,Multi State,2012-03-01,2014-09-01,2014-09-01,198.63,198.63,,,,,0(O),0/0,consolidated,60
2012-10-01,N18000101,170,ESTABLISHMENT OF POOLING STATIONS AT CHAMPA,Power,PGCIL,Chhatisgarh,2011-05-01,2014-05-01,2014-05-01,1961.87,1961.87,449.1,,,,0(O),0/16,consolidated,60
2012-10-01,N18000092,171,Establishment of pooling stations at Rajgarh,Power,PGCIL,Chhatisgarh,2010-12-01,2013-08-01,2013-08-01,1719.52,1719.52,703.7,,,,0(O),0/14,consolidated,60
2012-10-01,N18000127,172,IMMEDIATE EVACUATION SYSTEM WITH BARH-II TPS,Power,PGCIL,Bihar,2011-12-01,2014-08-01,2014-08-01,901.77,901.77,64.5,,,,0(O),0/21,consolidated,60
2012-10-01,N18000107,173,INTEGRATION OF POOLING STATION IN CHATTISGARH WITH CENTRAL P,Power,PGCIL,Chhatisgarh,2011-08-01,2013-12-01,2013-12-01,1391.97,1391.97,495.8,,,,0(O),0/13,consolidated,60
2012-10-01,N18000089,174,INTERCONNECTION BETWEEN ELECTTRICAL GRIDS OF INDIA AND B,Power,PGCIL,Multi State,2010-10-01,2012-10-01,2013-03-01,160.32,160.32,55,,,,5(O),0/15,consolidated,60
2012-10-01,180100246,175,KAIGA 3&4 TRANSMISSION SYSTEM (PGCIL),Power,PGCIL,Karnataka,2005-03-01,2007-12-01,,596.45,1007.16,850.63,,1007.16,2009-12-01,,0/10,consolidated,60
2012-10-01,180100239,176,KAMENG HYDROELECTRIC PROJECT (NEEPCO),Power,NEEPCO,Arunachal Pr.,2004-12-01,2013-05-01,2017-03-01,2496.9,2496,2034.59,,,2016-06-01,46(O),4/22,consolidated,60
2012-10-01,N18000031,177,KISHANGANGA HEP,Power,NHPC,J and K,2007-07-01,2016-01-01,2016-11-01,2238.67,3642,1751.05,,3642.04,2016-01-01,10(O),0/2,consolidated,60
2012-10-01,180100211,178,KOLDAM HEP (NTPC),Power,NTPC,Himachal Pr.,2002-10-01,2009-04-01,2014-03-01,4527.15,4527.15,4548,,,2014-03-01,59(O),0/9,consolidated,60
2012-10-01,N18000131,179,KUDGI STPP STAGE 1,Power,NTPC,Karnataka,2011-12-01,2016-12-01,2016-12-01,15166.19,15166.19,987,,,,0(O),0/0,consolidated,60
2012-10-01,180100258,180,KUNADANKULAM APP TRANS SYSTEM (PGCIL),Power,PGCIL,Tamil Nadu,2005-05-01,2008-09-01,2013-03-01,1779.29,2159.07,1841.11,,2159.07,,54(O),17/37,consolidated,60
2012-10-01,N18000048,181,MOUDA STPP (NTPC),Power,NTPC,Maharashtra,2008-11-01,2012-08-01,2013-03-01,5459.28,6010.89,4527,,,,7(O),11/16,consolidated,60
2012-10-01,N18000132,182,MOUDA STPP STAGE 2,Power,NTPC,Maharashtra,2012-03-01,2016-09-01,2016-09-01,7921.47,7921.47,582,,,,0(O),0/0,consolidated,60
2012-10-01,N18000006,183,NIMOO BAZGO HYDROELECTRIC PROJECT,Power,NHPC,J and K,2006-08-01,2010-08-01,2013-01-01,611.01,936,794.58,,,2013-01-01,29(O),0/3,consolidated,60
2012-10-01,N18000066,184,NORTH- EAST NORTH WESTERN INTERCONNECTOR I PROJECT,Power,PGCIL,Multi State,2009-02-01,2013-08-01,2014-09-01,11130.19,11130.19,5182.3,,,,13(O),0/17,consolidated,60
2012-10-01,N18000056,185,NORTHERN REGION SYSTEM STRENGHTENING SCHEME-XIX,Power,PGCIL,Multi State,2009-02-01,2012-02-01,2013-12-01,410.29,410.29,246.1,,,,22(O),0/14,consolidated,60
2012-10-01,N18000052,186,NORTHERN REGION SYSTEM STRENGHTENING SCHEME-XV,Power,PGCIL,Multi State,2009-02-01,2011-11-01,2013-12-01,520.48,520.48,329.9,,,,25(O),0/11,consolidated,61
2012-10-01,N18000053,187,NORTHERN REGION SYSTEM STRENGHTENING SCHEME-XVIII,Power,PGCIL,Multi State,2009-02-01,2011-11-01,2013-12-01,509.66,509.66,343.5,,,,25(O),0/14,consolidated,61
2012-10-01,N18000088,188,NORTHERN REGION SYSTEM STRENGHTENING SCHEME-XX,Power,PGCIL,Multi State,2010-10-01,2013-01-01,2013-01-01,182.68,182.68,61.3,,,,0(O),0/7,consolidated,61
2012-10-01,N18000094,189,NORTHERN REGION SYSTEM STRENGTHENING SCHEME XVI,Power,PGCIL,Multi State,2010-07-01,2013-07-01,2013-07-01,752.64,752.64,212.3,,,,0(O),0/12,consolidated,61
2012-10-01,N18000095,190,NORTHERN REGION SYSTEM STRENGTHENING SCHEME- XXI,Power,PGCIL,Multi State,2010-08-01,2013-04-01,2013-10-01,1677.57,1677.57,570.8,,,,6(O),0/12,consolidated,61
2012-10-01,N18000091,191,NORTHERN REGION SYSTEM STRENGTHENING SCHEME-XXII,Power,PGCIL,Multi State,2010-12-01,2013-08-01,2013-08-01,209.78,209.78,95.2,,,,0(O),0/16,consolidated,61
2012-10-01,N18000128,192,NORTHERN REGION SYSTEM STRENGTHENING SCHEME-XXIV,Power,PGCIL,Multi State,2011-11-01,2014-11-01,2014-11-01,723.63,723.63,44,,,,0(O),0/0,consolidated,61
2012-10-01,N18000136,193,NORTHERN REGION SYSTEM STRENGTHENING SCHEME-XXVI,Power,PGCIL,Multi State,2012-09-01,2015-03-01,2015-03-01,803.34,803.34,,,,,0(O),0/0,consolidated,61
2012-10-01,N18000135,194,NORTHERN REGION SYSTEM STRENGTHENING SCHEME-XXVIII,Power,PGCIL,Multi State,2012-09-01,2015-04-01,2015-04-01,524.4,524.4,,,,,0(O),0/0,consolidated,61
2012-10-01,N18000083,195,NORTHERN REGION TRANSMISSION STRENGTHENING SCHEME,Power,PGCIL,Multi State,2010-03-01,2012-11-01,2013-03-01,965.58,965.58,453.9,,,,4(O),0/10,consolidated,61
2012-10-01,180100250,196,PARBATI H.E.P. STAGE -III (NHPC),Power,NHPC,Himachal Pr.,2005-10-01,2010-10-01,2013-09-01,2304.56,2716,1960.04,,,2013-01-01,35(O),0/0,consolidated,61
2012-10-01,180100210,197,PARBATI HEP (NHPC) II,Power,NHPC,Himachal Pr.,2002-09-01,2009-09-01,2017-12-01,3919.59,5366,3627.99,,,2014-07-01,99(O),1/20,consolidated,61
2012-10-01,N18000045,198,PARE HYDRO ELECTRIC PROJECT(110 MW),Power,NEEPCO,Arunachal Pr.,2008-12-01,2012-08-01,2014-09-01,573.99,573.99,400.67,,,2013-08-01,25(O),14/21,consolidated,61
2012-10-01,N18000024,199,RAMPUR HEP(412 MW),Power,SJVNL,Himachal Pr.,2007-01-01,2012-01-01,2013-09-01,2047.03,2047.03,2004.41,,,,20(O),0/0,consolidated,61
2012-10-01,N18000073,200,RIHAND STTP STAGE-III (2X500MW) (NTPC),Power,NTPC,Uttar Pradesh,2009-01-01,2012-10-01,2013-05-01,6230.81,6230.81,3670,,,,7(O),10/16,consolidated,61
2012-10-01,N18000133,201,SOLAPUR STPP,Power,NTPC,Maharashtra,2012-03-01,2016-11-01,2016-11-01,9395.18,9395.18,820,,,,0(O),0/0,consolidated,61
2012-10-01,180100221,202,SUBANSIRI LOWER H.E.P (NHPC),Power,NHPC,Arunachal Pr.,2003-09-01,2010-09-01,2017-03-01,6285.33,10667,5830.23,,,2014-08-01,78(O),11/11,consolidated,61
2012-10-01,N18000097,203,SUPPLEMENTARY TRANSMISSION ASSOCIATED WITH VAALLUR,Power,PGCIL,Multi State,2010-08-01,2013-04-01,2013-04-01,170.36,170.36,51.6,,,,0(O),0/15,consolidated,61
2012-10-01,N18000065,204,SUPPLEMENTRY TRANSMISSION ASSOCIATED WITH DVC AND,Power,PGCIL,Multi State,2008-08-01,2012-08-01,2013-03-01,2360.95,2360.95,1983.7,,,,7(O),0/7,consolidated,61
2012-10-01,N18000137,205,SYSTEM STRENGTHENING -XIX IN SOUTHERN REGIONAL GRID,Power,PGCIL,Multi State,2012-09-01,2014-12-01,2014-12-01,1935.35,1935.35,,,,,0(O),0/0,consolidated,62
2012-10-01,N18000124,206,SYSTEM STRENGTHENING COMMON FOR WR AND NR (LINE BA,Power,PGCIL,Madhya pradesh,2012-03-01,2014-03-01,2014-03-01,213.78,213.78,,,,,0(O),0/0,consolidated,62
2012-10-01,N18000116,207,SYSTEM STRENGTHENING IN NORTH/WEST PART OF WR FOR,Power,PGCIL,Chhatisgarh,2011-12-01,2014-08-01,2014-08-01,1746.65,1746.65,50.4,,,,0(O),0/20,consolidated,62
2012-10-01,N18000120,208,SYSTEM STRENGTHENING IN WARDHA-AURANGABAD CORRIDOR FOR IPP P,Power,PGCIL,Maharashtra,2012-02-01,2015-02-01,2015-02-01,1310.85,1310.85,105.1,,,,0(O),0/0,consolidated,62
2012-10-01,N18000130,209,SYSTEM STRENGTHENING-XVIII IN SOUTHERN REGION GRID,Power,PGCIL,Multi State,2012-06-01,2014-11-01,2014-11-01,1263.26,1263.26,53.4,,,,0(O),0/0,consolidated,62
2012-10-01,N18000117,210,SYSTEM STRENTHENING IN RAIPUR- WARDHA CORRIDOR FOR IPP PROJEC,Power,PGCIL,Chhatisgarh,2012-01-01,2015-01-01,2015-01-01,1422.85,1422.85,125.9,,,,0(O),0/19,consolidated,62
2012-10-01,N18000115,211,SYTEM STRENGTHENING OF SOUTHERN REGION - XIV,Power,PGCIL,Multi State,2011-12-01,2014-08-01,2014-08-01,297.33,297.33,22.9,,,,0(O),0/20,consolidated,62
2012-10-01,N18000109,212,SYTEM STRENGTHENING XIII OF SR GRID,Power,PGCIL,Multi State,2011-10-01,2014-06-01,2014-06-01,487.49,487.49,63.6,,,,0(O),0/19,consolidated,62
2012-10-01,N18000086,213,System Strengthening -X of SR,Power,PGCIL,Multi State,2009-12-01,2012-04-01,2012-10-01,276.61,276.61,158.7,,,,6(O),0/0,consolidated,62
2012-10-01,N18000085,214,System Strengthening -XII of SR,Power,PGCIL,Multi State,2010-02-01,2012-06-01,2012-12-01,232.34,232.34,127.08,,,,6(O),0/9,consolidated,62
2012-10-01,N18000081,215,System Strengthening in NR for SASAN & MUNDRA (UMPP),Power,PGCIL,Multi State,2009-12-01,2012-08-01,2013-12-01,1216.83,1216.83,780.4,,,,16(O),0/11,consolidated,62
2012-10-01,N18000014,216,TAPOVAN-VISHNUGAD HEP (4x130MW) (NTPC),Power,NTPC,Uttaranchal,2006-11-01,2013-03-01,2015-09-01,2978.48,2978.48,1591,,,,30(O),2/14,consolidated,62
2012-10-01,180100243,217,"TEESTA LOW DAM HEP, STAGE-IV (NHPC)",Power,NHPC,West Bengal,2005-09-01,2009-09-01,2013-12-01,1061.38,1501.75,1212.87,,,2013-06-01,51(O),0/0,consolidated,62
2012-10-01,180100222,218,TEESTA LOW DAM STAGE III HYDROELECTRIC POWER PROJE,Power,NHPC,West Bengal,2003-10-01,2007-03-01,2013-02-01,768.92,1628,1598.46,,,2012-09-01,71(O),25/25,consolidated,62
2012-10-01,N18000010,219,TEHRI PUMPED STORAGE PLANT(1000MW),Power,THDCL,Uttar Pradesh,2006-07-01,2010-07-01,2016-08-01,1657,2978.86,382.46,,2978.86,2016-02-01,73(O),1/10,consolidated,62
2012-10-01,N18000118,220,TR SYSTEM FOR ESTABLISHMENT OF 400/220 KV GIS SUBSTATION AT,Power,PGCIL,Gujarat,2012-01-01,2014-01-01,2014-01-01,259.28,259.28,23.5,,,,0(O),0/17,consolidated,62
2012-10-01,N18000113,221,TR SYSTEM FOR PHASE-I GENERATION PROJECTS IN JHARK,Power,PGCIL,Multi State,2011-12-01,2014-08-01,2014-08-01,2422.66,2422.66,83.2,,,,0(O),0/0,consolidated,62
2012-10-01,N18000129,222,TR. SYS. FOR PHASE-I PROJ. IN JHARKHAN AND WEST BENGAL PART-,Power,PGCIL,Multi State,2012-02-01,2014-10-01,2014-10-01,3201.44,3201.44,68.7,,,,0(O),0/21,consolidated,63
2012-10-01,N18000064,223,TR. SYSTEM ASSOCIATED WITH CHAMERA III HEP,Power,PGCIL,Multi State,2008-04-01,2011-07-01,2012-11-01,297.37,386.37,332.13,,386.37,,16(O),0/5,consolidated,63
2012-10-01,N18000061,224,TR. SYSTEM ASSOCIATED WITH MUNDRA ULTRA MEGA POWER PROJECT,Power,PGCIL,Multi State,2008-10-01,2012-10-01,2013-09-01,4824.12,4824.12,3024.7,,,,11(O),0/12,consolidated,63
2012-10-01,N18000077,225,TRANS SYSTEM FOR DEVELOPMENT OF POOLING STN IN NR,Power,PGCIL,West Bengal,2010-04-01,2015-01-01,2015-01-01,4404.57,4404.57,336,,,,0(O),0/20,consolidated,63
2012-10-01,N18000096,226,TRANS SYSTEM FOR PHASE-I GEN PROJECT IN ORISSA-C,Power,PGCIL,Multi State,2011-03-01,2014-03-01,2014-03-01,2569.25,2569.25,781.5,,,,0(O),0/15,consolidated,63
2012-10-01,N18000090,227,TRANSMISSION SYSTEM ASSOCIATED WITH KRISHNAPATNAM,Power,PGCIL,Andhra Pradesh,2010-12-01,2013-08-01,2013-08-01,779.21,779.21,599.3,,,,0(O),0/14,consolidated,63
2012-10-01,N18000121,228,TRANSMISSION SYSTEM ASSOCIATED WITH KRISHNAPATNAM UMPP-PART,Power,PGCIL,Andhra Pradesh,2012-02-01,2014-08-01,2014-08-01,324.33,324.33,2.2,,,,0(O),0/20,consolidated,63
2012-10-01,N18000122,229,TRANSMISSION SYSTEM ASSOCIATED WITH KRISHNAPATNAM UMPP-PART,Power,PGCIL,Andhra Pradesh,2012-02-01,2014-10-01,2014-10-01,1927.16,1927.16,37.1,,,,0(O),0/20,consolidated,63
2012-10-01,N18000018,230,TRANSMISSION SYSTEM ASSOCIATED WITH PARBATI-III HEP,Power,PGCIL,Himachal Pr.,2006-07-01,2010-01-01,2013-02-01,557.24,758.75,595,,,,37(O),0/22,consolidated,63
2012-10-01,N18000063,231,TRANSMISSION SYSTEM ASSOCIATED WITH RAMPUR HEP,Power,PGCIL,Multi State,2009-02-01,2011-11-01,2013-09-01,184.19,184.19,152,,,,22(O),0/7,consolidated,63
2012-10-01,N18000046,232,TRANSMISSION SYSTEM ASSOCIATED WITH SASAN ULTRA ME,Power,PGCIL,Multi State,2008-12-01,2012-12-01,2013-02-01,7031.88,7031.88,4008.2,,,,2(O),0/11,consolidated,63
2012-10-01,N18000114,233,TRANSMISSION SYSTEM FOR CONNECTIVITY OF ESSAR POWER GUJARAT,Power,PGCIL,Gujarat,2011-12-01,2014-02-01,2014-02-01,552.44,552.44,90.2,,,,0(O),0/20,consolidated,63
2012-10-01,N18000106,234,TRANSMISSION SYSTEM FOR CONNECTIVITY OF MB POWER LIMITED,Power,PGCIL,Madhya pradesh,2011-08-01,2013-10-01,2013-10-01,425.51,425.51,110.5,,,,0(O),0/18,consolidated,63
2012-10-01,N18000102,235,TRANSMISSION SYSTEM FOR ESTABLISHMENT OF 400/220 K,Power,PGCIL,Maharashtra,2011-07-01,2013-07-01,2013-07-01,181.93,181.93,50.8,,,,0(O),0/0,consolidated,63
2012-10-01,N18000105,236,TRANSMISSION SYSTEM FOR IPP GENERATION PROJECTS IN MP AND CH,Power,PGCIL,Multi State,2011-09-01,2013-12-01,2013-12-01,1366.34,1366.34,258.3,,,,0(O),0/18,consolidated,63
2012-10-01,N18000104,237,TRANSMISSION SYSTEM FOR PHASE-1 GENERATION PROJECT,Power,PGCIL,Jharkhandd,2011-10-01,2013-11-01,2013-11-01,558.26,558.26,72.3,,,,0(O),0/20,consolidated,63
2012-10-01,N18000087,238,TRANSMISSION SYSTEM FOR PHASE-I GEN PROJECT IN ORI,Power,PGCIL,Orissa,2010-09-01,2013-03-01,2013-03-01,2074.86,2074.86,721,,,,0(O),0/14,consolidated,64
2012-10-01,N18000093,239,TRANSMISSION SYSTEM FOR PHASE-I GEN. PROJECT IN OR,Power,PGCIL,Orissa,2010-12-01,2013-12-01,2013-12-01,2743.19,2743.19,896.2,,,,0(O),0/13,consolidated,64
2012-10-01,N18000076,240,TRANSMISSION SYSTEM OF VINDHYACHAL-IV AND RIHAND-I,Power,PGCIL,Multi State,2010-03-01,2012-11-01,2013-06-01,4672.99,4672.99,1659.2,,,,7(O),0/15,consolidated,64
2012-10-01,N18000112,241,TRANSMISSION SYSTEM STRENGTHENING IN WESTERN PART OF WR FOR,Power,PGCIL,Chhatisgarh,2011-11-01,2014-07-01,2014-07-01,2127.51,2127.51,263.2,,,,0(O),0/19,consolidated,64
2012-10-01,N18000071,242,TRIPURA GAS BASED POWER PROJECT,Power,NEEPCO,Tripura,2009-07-01,2013-07-01,2013-07-01,421.01,623.44,368.16,,623.44,,0(R),6/29,consolidated,64
2012-10-01,N18000119,243,TUIRIAL HYDRO ELECTRIC PROJECT (60MW),Power,NEEPCO,Mizoram,2011-01-01,2014-07-01,2015-02-01,913.63,913.63,352.38,,913.63,,7(O),0/16,consolidated,64
2012-10-01,N18000080,244,Trans. System associated with PALLATANA GBPP & BPT,Power,PGCIL,Multi State,2010-02-01,2012-12-01,2013-12-01,2144,2144,940.4,,,,12(O),0/11,consolidated,64
2012-10-01,N18000099,245,Transmission system for transfer of power from Gen-PART B,Power,PGCIL,Multi State,2011-03-01,2013-11-01,2013-11-01,1585.12,1585.12,443.5,,,,0(O),0/15,consolidated,64
2012-10-01,N18000098,246,Transmission system for transfer of power from Gen.,Power,PGCIL,Multi State,2010-05-01,2013-01-01,2013-11-01,250.03,250.03,58.4,,,,10(O),0/16,consolidated,64
2012-10-01,180100251,247,URI H.E.P STAGE -II (NHPC),Power,NHPC,J and K,2005-08-01,2009-11-01,2013-03-01,1729.29,2081,1825.39,,,2013-02-01,40(O),0/4,consolidated,64
2012-10-01,N18000134,248,VINDHYACHAL STPP STAGE-V,Power,NTPC,Madhya pradesh,2011-12-01,2015-08-01,2015-08-01,3180.4,3180.4,145,,,,0(O),0/0,consolidated,64
2012-10-01,N18000072,249,VINDHYACHAL STTP STAGE-IV (NTPC),Power,NTPC,Madhya pradesh,2009-01-01,2012-10-01,2013-03-01,5915,5915,3924,,,,5(O),9/15,consolidated,64
2012-10-01,N18000042,250,VISHNUGAD PIPALKOTI HYDRO ELECTRIC PROJECT,Power,THDCL,Uttaranchal,2008-08-01,2014-07-01,2016-05-01,2491.58,3422.44,323.33,,2491.58,,22(O),1/3,consolidated,64
2012-10-01,N18000022,251,WESTERN REGION STRENGTHENING SCHEME-II,Power,PGCIL,Rajasthan,2006-07-01,2010-07-01,2012-12-01,5221.23,5221.23,3163.5,,,,29(O),20/20,consolidated,64
2012-10-01,N18000035,252,WESTERN REGION STRENGTHENING SCHEME-V,Power,PGCIL,Maharashtra,2007-12-01,2010-09-01,2013-03-01,477.69,477.69,419,,,,30(O),0/9,consolidated,64
2012-10-01,N18000125,253,WR-NR HVDC INTERCONNECTOR FOR IPP PROJECTS IN CHHATTISGARH,Power,PGCIL,Chhatisgarh,2012-03-01,2015-06-01,2015-06-01,9569.76,9569.76,27.7,,,,0(O),0/24,consolidated,64
2012-10-01,N22000099,254,"AGARTALA SABROOM, NL, NEFR",Railways,NEFR,Tripura,2008-04-01,2014-03-01,2014-03-01,813.34,1141.75,426.35,,813.34,,0(O),0/0,consolidated,65
2012-10-01,220100243,255,AGRA-ETAWAH VIA FATEHABAD AND BAH (NL) NCR,Railways,NCR,Uttar Pradesh,1999-04-01,2009-12-01,2011-03-01,108,227.42,250.82,,214.09,2011-03-01,,0/0,consolidated,65
2012-10-01,220100181,256,AHMEDNAGAR-PARLI VAIJNATH(NL) CR,Railways,CR,Maharashtra,1997-02-01,,2013-03-01,353.08,2820,176.76,,1010,,,0/0,consolidated,65
2012-10-01,N22000082,257,"ALUABARI ROAD SILIGURI JUNCTION VIA GALGALIA, NEFR",Railways,NEFR,Multi State,2006-12-01,2011-03-01,2011-03-01,170,453.04,392.85,,170,2011-03-01,,0/0,consolidated,65
2012-10-01,220100118,258,AMRAVATI-NARKHER NL(CR),Railways,CR,Maharashtra,1994-06-01,1999-06-01,2011-03-01,120.9,548.95,538.1,,284.27,2011-03-01,,0/0,consolidated,65
2012-10-01,220100252,259,ANGAMALI-SABARIMALA (N.L.)(SR),Railways,SR,Kerala,1998-10-01,,,550,1214,96.96,,,,,0/0,consolidated,65
2012-10-01,N22000121,260,Ahmedabad-Himmatnagar-Udaipur (WR),Railways,WR,Gujarat,2008-04-01,2013-03-01,2013-03-01,394.14,404.39,3.77,,385.6,,0(O),0/0,consolidated,65
2012-10-01,220100274,261,BANGLORE - SATYAMANGALAM (NL)(SWR),Railways,SWR,Karnataka,1999-02-01,,,138,901.62,0.29,,901.62,,,0/0,consolidated,65
2012-10-01,220100277,262,BANKURA - DAMODAR (GC) (SER),Railways,SER,West Bengal,1998-03-01,2005-03-01,2016-06-01,111.9,1412.74,451.9,,1028.05,2008-12-01,135(O),0/0,consolidated,65
2012-10-01,N22000091,263,BARDHAMAN-KATWA (GC),Railways,ER,West Bengal,2007-04-01,2010-12-01,2011-03-01,245.15,1106.62,205.28,,1106.62,2011-03-01,,0/0,consolidated,65
2012-10-01,220100164,264,BELAPUR-SEAWOOD-URAN ELECTRIF-IED DOUBLE LINE(MTP),Railways,MRTP,Maharashtra,1996-03-01,2004-03-01,2014-03-01,401.81,1512.86,204.95,,495.44,2010-12-01,120(O),0/0,consolidated,65
2012-10-01,N22000100,265,"BHAIRABI SAIRONG, NL, NEFR",Railways,NEFR,Mizoram,2008-04-01,2014-04-01,2015-03-01,619.34,2393.48,12.87,,619.34,,11(O),0/0,consolidated,65
2012-10-01,N22000077,266,BHOPAL BINA 3D LINE DOUBLING,Railways,RVNL,Madhya pradesh,2007-09-01,2010-03-01,2012-12-01,687.2,687.2,668.82,,,,33(O),0/0,consolidated,65
2012-10-01,220100321,267,BILASPUR-URKURA (DL),Railways,RVNL,Chhatisgarh,1997-04-01,2009-03-01,2011-03-01,151.52,350,327.08,,,,,0/0,consolidated,65
2012-10-01,220100201,268,"BPUTRA BRIDGE AT BOGIBIL & LINK LINES,NEFR",Railways,NEFR,Assam,1997-09-01,2008-04-01,2015-12-01,1000,3230.02,2501.02,,1500,2014-03-01,92(O),0/0,consolidated,65
2012-10-01,N22000119,269,Bandel-Naihati new rail bridge in replacement of j,Railways,ER,West Bengal,1999-04-01,2012-12-01,2013-12-01,207.52,207.52,145.89,,207.52,,12(O),0/0,consolidated,65
2012-10-01,N22000125,270,Bhavnagar-workshop facilities for 50 BG coaches PO,Railways,WR,Gujarat,2006-04-01,2011-03-01,,117.36,196.95,192.81,,196.95,,,0/0,consolidated,65
2012-10-01,N22000123,271,Bhuj-Naliya(GC) with extension from naliya to Vayo,Railways,WR,Gujarat,2008-04-01,2012-03-01,,318.24,468.62,1,,,,,0/0,consolidated,65
2012-10-01,220100151,272,CALICUT-MANGALORE (DL) (SR),Railways,SR,Multi State,1996-02-01,,2012-02-01,240,579.37,600.41,,,,,0/0,consolidated,65
2012-10-01,220100241,273,"CHANDIGARH-LUDHIANA(NEW BG LINE),NR",Railways,(NR),Punjab,1998-07-01,2012-12-01,2013-01-01,248.44,1115.21,897.49,,576.27,2013-01-01,1(O),0/0,consolidated,65
2012-10-01,N22000053,274,CHHAPRA-SETTING UP OF WHEEL MANUFACTURING PLANT,Railways,WS&PU,Bihar,2005-03-01,,2012-03-01,470.09,1417.97,1011.09,,1417.97,,,0/0,consolidated,65
2012-10-01,220100324,275,CHHINDWARA - NAGPUR (GC)(SECR),Railways,SECR,Madhya pradesh,2005-04-01,,2013-12-01,383.79,585.93,194.91,,,,,0/0,consolidated,66
2012-10-01,220100233,276,"CHURCHGATE-VIRAR:CONV.OF 1500V DC TRACTION TO 25 KV AC,WR",Railways,RE,Maharashtra,1996-07-01,2013-06-01,2013-06-01,653.84,1302.12,608.97,,1302.12,2013-06-01,0(O),0/0,consolidated,66
2012-10-01,N22000083,277,CONSTRUCTION OF NEW LINE FROM HARMATI-ITANAGAR/NAR,Railways,NEFR,Arunachal Pr.,1996-09-01,,2012-12-01,156,415.73,279.98,,156,,,0/0,consolidated,66
2012-10-01,220100149,278,DALLI-RAJHARA - RAOGHAT(PART OF DALLI-RAJHARA-JAGD,Railways,RVNL,Chhatisgarh,1995-04-01,2012-12-01,2012-12-01,304,968.6,118.28,,,,0(O),0/0,consolidated,66
2012-10-01,220100311,279,"DANIAWAN-BIHARSARIF (NL), ECR",Railways,ECR,Bihar,2001-04-01,,,104.79,406.92,83.11,,,,,0/0,consolidated,66
2012-10-01,220100184,280,"DAUSA-GANGAPUR CITY(NL),NWR",Railways,NWR,Rajasthan,1997-02-01,,2013-03-01,151.84,410.08,202.01,,410.08,,,0/0,consolidated,66
2012-10-01,220100273,281,"DEOGHAR - SULTANGANJ (INL), ER",Railways,ER,Multi State,2000-04-01,2012-12-01,2013-02-01,138,607.09,420.44,,607.09,2012-12-01,2(O),0/0,consolidated,66
2012-10-01,N22000080,282,DINDIGUL-POLLACHI-PALGHAT- POLLACHI AND COIMBATORE,Railways,SR,Tamil Nadu,2006-09-01,,2012-12-01,343.17,900,569.32,,343.17,,,0/0,consolidated,66
2012-10-01,N22000116,283,Dakshin-barasal-lakshmikantapur,Railways,ER,West Bengal,2009-04-01,2011-12-01,2012-02-01,259.51,533.38,89.02,,533.38,2012-02-01,,0/0,consolidated,66
2012-10-01,N22000094,284,ELECTRIFICATION OF KHURJA- MEERUT-SAHARANPUR & G'BA,Railways,RE,Uttar Pradesh,2008-02-01,2012-03-01,2012-03-01,171.1,171.1,141.55,,,,,0/0,consolidated,66
2012-10-01,N22000095,285,ELECTRIFICATION OF MORADABAD- ROZA,Railways,RE,Uttar Pradesh,2004-12-01,2011-03-01,2012-03-01,129.17,250,227.48,,,,,0/0,consolidated,66
2012-10-01,N22000028,286,"EXT. OF MRTS FROM VELACHERY TO STN. THOMAS, MTP",Railways,MRTP,Tamil Nadu,2006-04-01,2013-06-01,2014-03-01,495.74,495.74,174.33,,,2013-06-01,9(O),0/0,consolidated,66
2012-10-01,220100009,287,FREIGHT OPERATIONS INFORMATION SYSTEM (FOIS),Railways,FOIS,Multi State,1984-03-01,1995-03-01,2013-03-01,520,634.13,555.27,,634.13,,216(O),0/0,consolidated,66
2012-10-01,220100270,288,"GADWAL - RAICHUR (NL), SCR",Railways,SCR,Multi State,1998-04-01,2011-02-01,2013-02-01,92.63,270,260.33,,228.09,2011-02-01,24(O),0/0,consolidated,66
2012-10-01,N22000045,289,"GOELKERA-MANOHARPUR,(LD)(SER)",Railways,SER,Jharkhandd,1997-03-01,2006-02-01,,186.92,261.7,82.89,,,,,0/0,consolidated,66
2012-10-01,220100255,290,GONDA-GORAKHPUR LOOP WITH ANAND NAGAR-NAUTANWA GC (NER),Railways,NER,Uttar Pradesh,2002-03-01,,2012-03-01,381.17,863.23,603.58,,381.17,,,0/0,consolidated,66
2012-10-01,220100186,291,"GONDIA-JABALPUR(GC),(SECR)",Railways,SECR,Multi State,1997-02-01,1998-03-01,,386.3,1038,590.26,,1038,,,0/0,consolidated,66
2012-10-01,220100254,292,"GULBARGA-BIDAR,SCR(NL)",Railways,SCR,Karnataka,1998-02-01,2009-05-01,2009-05-01,242.42,776,348.55,,369.7,,,0/0,consolidated,66
2012-10-01,N22000117,293,Ghutiasharif-Canning (ER),Railways,ER,West Bengal,2009-04-01,2011-12-01,2013-11-01,189.97,611.03,108.12,,611.03,2013-11-01,23(O),0/0,consolidated,66
2012-10-01,220100303,294,"HAJIPUR-SUGAULI VIA VAISHALI (NL), ECR",Railways,ECR,Bihar,2003-04-01,,,324.66,324.66,182.55,,528.65,,,0/0,consolidated,66
2012-10-01,220100285,295,HARIDASPUR-PARADEEP(NL),Railways,RVNL,Orissa,1996-04-01,2009-09-01,,301.64,735.1,221.6,,,,,0/0,consolidated,66
2012-10-01,N22000052,296,HARNOUT -SET.UP OF W/S TO UND. POH OF UP TO50 COAC,Railways,WS&PU,Bihar,2003-04-01,,2012-03-01,98.74,337.3,222.07,,224.51,,,0/0,consolidated,67
2012-10-01,220100183,297,"HASSAN-BANGALORE VIA SHRAVANA-BELGOLA(NL),SWR",Railways,SWR,Karnataka,1997-02-01,,2013-01-01,295,944.55,542.29,,412.91,,,0/0,consolidated,67
2012-10-01,220100319,298,HATHUA-BHATNI (N L) (NER),Railways,NER,Multi State,2005-04-01,,2014-03-01,230.03,230.03,146.32,,230.03,,,0/0,consolidated,67
2012-10-01,220100208,299,HOWRAH-AMTA-CHAMPADANGA NL (SER),Railways,SER,West Bengal,1974-04-01,2007-03-01,2015-03-01,31.42,499.16,169.68,,393.46,2007-03-01,96(O),0/0,consolidated,67
2012-10-01,220100193,300,"HUBLI-ANKOLA(NL),SWR",Railways,SWR,Karnataka,1997-04-01,,,227,2135,69.7,,997.58,,,0/0,consolidated,67
2012-10-01,N22000112,301,Himmatnagar - Udaipur Gauge Canvession (NWR),Railways,NWR,Rajasthan,2008-04-01,2015-03-01,2015-03-01,829.74,829.74,7.89,,829.74,,0(O),0/0,consolidated,67
2012-10-01,220100258,302,"JALANDHAR-PATHANKOT-JAMMU- TAWI (LD),NR",Railways,(NR),Multi State,2002-03-01,2007-06-01,2007-06-01,409,847.75,835.55,,625.3,,,0/0,consolidated,67
2012-10-01,220100240,303,"JAYANAGAR-DARBHANGA-NARKATIA GANJ(GC),ECR",Railways,ECR,Bihar,1997-04-01,2012-03-01,2013-02-01,233,1043.56,662.51,,501.69,2012-08-01,11(O),0/0,consolidated,67
2012-10-01,220100280,304,"JIND-SONEPAT (NL),NR",Railways,(NR),Haryana,2004-01-01,2012-03-01,2012-12-01,190.81,500,425.36,,238.56,2012-03-01,9(O),0/0,consolidated,67
2012-10-01,220100288,305,JIRIBAM TO IMPHAL (TUPUI)(NL)(NEFR),Railways,NEFR,Manipur,2003-04-01,2011-03-01,2016-03-01,727.56,4444,937.59,,727.53,2014-03-01,60(O),0/0,consolidated,67
2012-10-01,N22000113,306,Jaipur - Ringus - Churu and Sikar - Loharu Guage C,Railways,NWR,Rajasthan,2008-04-01,2014-03-01,2014-03-01,653.19,653.46,215.94,,653.19,,0(O),0/0,consolidated,67
2012-10-01,220100190,307,"KADUR-CHIKMAGALUR- SAKLESHPUR (NL),(SWR)",Railways,SWR,Karnataka,1996-04-01,2012-03-01,2013-03-01,157,333.5,249.19,,262.82,2012-03-01,12(O),0/0,consolidated,67
2012-10-01,220100197,308,"KANPUR-KASGANJ- MATHURA(GC),NER",Railways,NER,Uttar Pradesh,,,2013-03-01,1062.36,1577.46,1389.02,,,,,0/0,consolidated,67
2012-10-01,220100256,309,KAPTANGANJ-THAWE-SIWAN- CHHAPRA GC (NER),Railways,NER,Multi State,1999-04-01,,2014-03-01,323.4,750.89,506.14,,323.4,,,1/1,consolidated,67
2012-10-01,220100191,310,"KARUR-SALEM(NL),SR",Railways,SR,Tamil Nadu,1997-02-01,,2012-10-01,155.55,712,737.02,,155,,,0/0,consolidated,67
2012-10-01,220100247,311,KATIHAR - JOGBANI (GC)(NEFR),Railways,NEFR,Bihar,2001-09-01,2010-12-01,2015-03-01,100,1041.79,732.83,,492.98,2010-12-01,51(O),0/0,consolidated,67
2012-10-01,220100257,312,KHAGARIA-KUSHESHWAR ASTHAN (NL) (ECR),Railways,ECR,Bihar,1997-04-01,,2013-03-01,78.23,162.87,96.67,,162.87,,,0/0,consolidated,67
2012-10-01,220100327,313,KHURDA ROAD - BARANG 3RD LINE (DL) (ECOR),Railways,RVNL,Orissa,2000-04-01,2009-03-01,2013-04-01,133.41,225,218.22,,207,2009-03-01,49(O),0/0,consolidated,67
2012-10-01,220100284,314,KHURDA ROAD-BOLANGIR(NL)ECOR,Railways,ECOR,Orissa,1994-04-01,,2013-03-01,355.38,1100,237.18,,470.21,,,0/0,consolidated,67
2012-10-01,N22000101,315,"KISHANGANJ JALALGARH, NL, NEFR",Railways,NEFR,Bihar,2008-04-01,,2015-03-01,282.92,359.86,1.22,,282.92,,,0/0,consolidated,67
2012-10-01,220100306,316,"KODERMA GIRIDH (NL), ECR",Railways,ECR,Jharkhandd,1996-04-01,2010-03-01,2010-03-01,371.36,768.87,436.14,,768.87,,,0/0,consolidated,68
2012-10-01,220100222,317,"KODERMA-RANCHI VIA BARKAKANA (NL),ECR",Railways,ECR,Jharkhandd,1999-03-01,2005-07-01,,491.19,2957.21,1321.44,,2957.21,,,0/0,consolidated,68
2012-10-01,220100305,318,"KODERMA-TILAIYA (NL), ECR",Railways,ECR,Jharkhandd,2002-04-01,,,459.91,418.17,126.5,,418.17,,,0/0,consolidated,68
2012-10-01,220100304,319,"KOSI BRIDGE (NL), ECR",Railways,ECR,Bihar,2002-04-01,2012-03-01,2013-03-01,323.41,341.41,274.73,,322.95,2013-03-01,12(O),0/0,consolidated,68
2012-10-01,220100265,320,KOTLPALLI-NARASAPUR (NL) (SCR),Railways,SCR,Andhra Pradesh,2001-12-01,,,330,1045.2,9.41,,1047,,,0/0,consolidated,68
2012-10-01,220100212,321,"KOTTUR-HARIHAR(NL),(SWR)",Railways,SWR,Karnataka,1995-04-01,,2012-12-01,65.94,302.23,335.74,,302.23,,,0/0,consolidated,68
2012-10-01,N22000126,322,Katakhal to Bhairabi,Railways,NEFR,Assam,1998-04-01,2012-12-01,2014-03-01,227.9,223.01,114.08,,227.9,,15(O),0/0,consolidated,68
2012-10-01,220100232,323,"LALITPUR-SATNA-REWA-SINGRULI NL, (NCR)",Railways,NCR,Multi State,1998-09-01,2008-05-01,2011-03-01,925,925,319.01,,,2011-03-01,,0/0,consolidated,68
2012-10-01,220100007,324,"LALITPUR-SATNA-REWA-SINGRULI NL, (NCR)",Railways,NCR,Multi State,1985-04-01,1994-03-01,2011-12-01,158.77,540.96,558.07,,432.46,,,0/0,consolidated,68
2012-10-01,220100148,325,LANJHIGARH-JUNAGARH NL(ECOR),Railways,ECOR,Orissa,1993-04-01,2002-03-01,2013-01-01,100,227.94,205.16,,142.98,,130(O),0/0,consolidated,68
2012-10-01,N22000127,326,"Lumding-SILCHAR Jiribam, Badarpur- Baraigram Kumarg",Railways,NEFR,Assam,1996-04-01,2009-03-01,2013-12-01,1676.31,4255.37,3195.95,,1676.31,,57(O),0/0,consolidated,68
2012-10-01,220100220,327,MACHERLA-NALGONDA(NL)(SCR),Railways,SCR,Andhra Pradesh,1998-07-01,2008-07-01,2008-07-01,125,480,0.35,,363.26,,,0/0,consolidated,68
2012-10-01,220100316,328,MAHARAJGANJ-MASRAKH (NL) - NER,Railways,NER,Bihar,2003-04-01,,2013-02-01,218.19,218.19,165.46,,218.19,,,0/0,consolidated,68
2012-10-01,220100168,329,"MANDARHILL-DUMKA-RAMPURHAT (NL),ER",Railways,ER,Jharkhandd,1995-04-01,2011-12-01,2013-03-01,184,900.05,555.4,,900.05,2011-12-01,15(O),0/0,consolidated,68
2012-10-01,N22000032,330,MANOHARABAD-KOTHPALL NEW LINE(SCR),Railways,SCR,Andhra Pradesh,2006-04-01,,,378.56,791.6,0.76,,671.82,,,0/0,consolidated,68
2012-10-01,N22000002,331,MANSI-PURNIA (EXTENSION OF MANSI-SAHARSA) GAN ECR,Railways,ECR,Bihar,1996-04-01,2012-03-01,2013-03-01,114.01,477.88,401.54,,332.92,2013-03-01,12(O),0/0,consolidated,68
2012-10-01,N22000079,332,MAYLADUTHURAI-THIRUVARUR- KARAIKUDI-THIRU 'PONDI'-A,Railways,SR,Tamil Nadu,2007-09-01,,,404.19,900,280.18,,404.19,,,0/0,consolidated,68
2012-10-01,N22000093,333,MUMBAI URBAN TRANSPORT PROJECT PHASE-I,Railways,MRTP,Maharashtra,2003-04-01,2011-06-01,2012-03-01,3125.2,4501.8,4334,,4174.4,2012-03-01,,0/0,consolidated,68
2012-10-01,N22000092,334,MUMBAI URBAN TRANSPORT PROJECT PHASE-II,Railways,MRTP,Maharashtra,2008-04-01,2014-03-01,2016-03-01,5300,5300,920.7,,,2016-03-01,24(O),0/0,consolidated,68
2012-10-01,220100205,335,"MUNEERABAD- MAHABOOBNAGAR(NL),SCR",Railways,SCR,Multi State,1997-04-01,,2012-03-01,218.24,645,139.79,,377.32,,,0/0,consolidated,68
2012-10-01,220100192,336,"NANDYAL-YERRAGUNTLA(NL),SCR",Railways,SCR,Andhra Pradesh,,2009-02-01,2012-03-01,155.74,883,634.02,,429.49,,,0/0,consolidated,69
2012-10-01,220100188,337,"NANGALDAM-TALWARA(NL),NR",Railways,(NR),Multi State,1981-03-01,2012-07-01,,37.68,730,352.01,,450,,,0/0,consolidated,69
2012-10-01,N22000087,338,NEW B.G. LINE FROM ARARIA TO GALGALIA (THAKURGUNG),Railways,NEFR,Bihar,2006-09-01,,,300,532.87,39.45,,300,,,0/0,consolidated,69
2012-10-01,N22000086,339,NEW B.G. LINE FROM TETELIA TO BYRNIHAT (NATIONAL P,Railways,NEFR,Assam,2006-09-01,,2014-03-01,200,385.2,114.85,,200,,,0/0,consolidated,69
2012-10-01,220100266,340,NEW MAYNAGURI TO JOGIGHOPA VIA CHANGRABANDHA (NL),Railways,NEFR,Multi State,2000-04-01,2008-12-01,2014-03-01,733,1655.81,1298.65,,733,,63(O),0/0,consolidated,69
2012-10-01,220100135,341,New BG line Rly line from Eklakhi- Balurghat includ,Railways,NEFR,West Bengal,1983-04-01,,2015-03-01,36.8,703.17,242.39,,274.41,,,0/0,consolidated,69
2012-10-01,N22000124,342,New Line from Dimapur to Zubza(Kohima) national pr,Railways,NEFR,Nagaland,2006-04-01,2015-03-01,2015-03-01,850,850,8.45,,850,,0(O),0/0,consolidated,69
2012-10-01,N22000111,343,New Work for Construction of Metro railway,Railways,RVNL,West Bengal,2010-04-01,2016-03-01,2016-03-01,2619.02,2913.51,171.51,,,,0(O),0/0,consolidated,69
2012-10-01,N22000109,344,New Work for Construction of Metro railway from Ba,Railways,RVNL,West Bengal,2010-04-01,2014-03-01,2016-03-01,2069.6,2298.42,33.46,,,2016-03-01,24(O),0/0,consolidated,69
2012-10-01,N22000110,345,New Work for Construction of Metro railway from NS,Railways,RVNL,West Bengal,2010-04-01,2016-03-01,2016-03-01,3951.98,3951.98,35.5,,,,0(O),0/0,consolidated,69
2012-10-01,N22000108,346,New Work for Construction of Metro railway from No,Railways,RVNL,West Bengal,2010-04-01,2016-03-01,2016-06-01,2397.72,2397.72,30.85,,,,3(O),0/0,consolidated,69
2012-10-01,N22000049,347,OBULAVARIPALLE- KRISHNAPATNAM(RVNL),Railways,RVNL,Andhra Pradesh,2006-07-01,2008-03-01,,743,1117.11,448.67,,,2008-06-01,,0/0,consolidated,69
2012-10-01,N22000027,348,PALWAL-BHUTESWAR 3RD LINE DOUBLING(NCR)(RVNL),Railways,RVNL,Multi State,2005-04-01,2009-03-01,2011-03-01,240,355,413.37,,,2009-12-01,,0/0,consolidated,69
2012-10-01,N22000076,349,PANSPURA-KHARAGPUR 3D LINE,Railways,RVNL,West Bengal,2007-09-01,2010-02-01,,252.5,252.5,247.35,,,,,0/0,consolidated,69
2012-10-01,220100308,350,"PATNA GANGA BRIDGE (NL), ECR",Railways,ECR,Bihar,2001-04-01,2007-10-01,2012-12-01,624.47,2921,1563.17,,2921,2012-12-01,62(O),0/0,consolidated,69
2012-10-01,220100106,351,PEDAPALLI-KARIMNAGAR- NIZAMABAD NL(SCR),Railways,SCR,Andhra Pradesh,1994-12-01,,2012-03-01,124.43,925.3,590.02,,495.68,,,0/0,consolidated,69
2012-10-01,N22000118,352,Pandabeswar-Chinpai doubling (ER),Railways,ER,West Bengal,2004-04-01,2010-12-01,2010-12-01,225.68,293.74,137.07,,293.74,2010-12-01,,0/0,consolidated,69
2012-10-01,220100263,353,QUILON-TIRUNELVELI-TENKASI- VIRUDHUNAGAR(SR)(GC),Railways,SR,Multi State,1998-03-01,,2013-03-01,280,1029,769.62,,842.35,,,0/6,consolidated,69
2012-10-01,220100329,354,RAICHUR-GUNTAKAL(DL)(SCR),Railways,RVNL,Andhra Pradesh,2003-04-01,2007-12-01,2010-12-01,136.62,221.9,236.81,,,2010-03-01,,0/0,consolidated,69
2012-10-01,220100307,355,"RAIL-CUM-ROAD BRIDGE AT MUNGER (NL), ECR",Railways,ECR,Bihar,2002-04-01,2009-03-01,2012-12-01,921,2363,863.38,,2363,2012-12-01,45(O),0/0,consolidated,70
2012-10-01,220100286,356,"RAJATGARH-BARANG(LD),ECOR",Railways,RVNL,Orissa,1999-04-01,2009-02-01,2013-04-01,166.16,243.4,253.88,,,2009-02-01,50(O),0/0,consolidated,70
2012-10-01,220100314,357,"RAMGANJMUNDI-BHOPAL (NL),WCR",Railways,WCR,Madhya pradesh,2001-04-01,,,727.13,1225,240.93,,727.13,,,0/0,consolidated,70
2012-10-01,220100214,358,"RANCHI-LOHARDAGA(GC),SER",Railways,SER,Jharkhandd,1997-04-01,2004-06-01,2012-12-01,194.07,456.45,301.82,,194.07,,102(O),0/0,consolidated,70
2012-10-01,220100315,359,"RANGIA-MURKONGSELEK, (GC) ALONG WITH LINKED FINGER",Railways,NEFR,Multi State,2004-01-01,,2013-03-01,915.7,1717.29,1476.55,,915.7,,,0/0,consolidated,70
2012-10-01,220100260,360,REINGUNTA-GUNTAKAL(RE),Railways,RVNL,Andhra Pradesh,2000-06-01,2003-04-01,,168.34,370,358.98,,,2010-03-01,,0/0,consolidated,70
2012-10-01,220100279,361,"REWARI-ROHTAK (NL),NR",Railways,(NR),Haryana,2004-01-01,2010-02-01,2011-02-01,149.38,602,494.36,,330.23,2011-02-01,,0/0,consolidated,70
2012-10-01,220100323,362,RUPSA-BANGRIPOSI (GC)(SER),Railways,SER,Orissa,1996-02-01,1998-03-01,2005-08-01,57.94,639.97,174.53,,604.04,2005-08-01,,0/0,consolidated,70
2012-10-01,N22000107,363,Ramanagram-Mysore doubling with electrification of,Railways,SWR,Karnataka,2007-04-01,2013-03-01,2014-03-01,482,482.7,394.08,,482.7,,12(O),0/0,consolidated,70
2012-10-01,N22000120,364,Ratlam-Mhow-Khandwa-Akola (GC),Railways,WR,Madhya pradesh,2008-04-01,2012-03-01,2013-03-01,603.04,603.04,105.72,,603.04,,12(O),0/0,consolidated,70
2012-10-01,N22000075,365,SALKA ROAD -ANUPNAGAR LINE DOUBLING,Railways,RVNL,Chhatisgarh,2006-09-01,2010-03-01,2012-03-01,324.9,385.54,228.77,,,,,0/0,consolidated,70
2012-10-01,N22000102,366,"SEVOK RANGPO, NEFR",Railways,NEFR,Sikkim,2008-04-01,2015-12-01,2015-12-01,1339.48,3380.58,52.63,,,,0(O),0/0,consolidated,70
2012-10-01,220100325,367,SUKINDA ROAD - ANGUL (NL)(ECOR),Railways,RVNL,Orissa,1998-04-01,2015-02-01,2015-02-01,183.23,818.29,75.05,,,,0(O),0/0,consolidated,70
2012-10-01,N22000114,368,Suratpura - Hanumangarh - Sriganganagar Guage Conv,Railways,NWR,Rajasthan,2008-04-01,2014-03-01,2014-03-01,516.23,516.23,288.62,,516.23,,0(O),0/0,consolidated,70
2012-10-01,220100328,369,TALCHER-BIMALAGARH(NL)(ECOR),Railways,ECOR,Orissa,2005-04-01,,2013-03-01,726.96,810.78,115.8,,810.78,,,0/0,consolidated,70
2012-10-01,N22000097,370,"TAMLUK DIGHA,LINE DOUBLING (SER)",Railways,SER,West Bengal,1984-03-01,2005-06-01,2016-06-01,293.97,1086.41,427.98,,1025.39,2011-07-01,132(O),0/0,consolidated,70
2012-10-01,220100272,371,"TARAKESWAR - BISHNUPUR NEW BG LINE (NL), ER",Railways,ER,West Bengal,2000-04-01,2009-12-01,2012-02-01,157.96,1188.91,530.19,,1188.91,,,0/0,consolidated,70
2012-10-01,N22000085,372,TIDIVANAM-NAGARI (NL),Railways,SR,Tamil Nadu,2006-09-01,,,456,582.83,136.04,,456,,,0/0,consolidated,70
2012-10-01,N22000084,373,TINDIVANAM-GINGEE- TIRUVANNAMALAI (NL),Railways,SR,Tamil Nadu,2006-09-01,,,125,227.4,39.04,,125,,,0/0,consolidated,70
2012-10-01,220100262,374,TIRUCHIRAPPALI-NAGORE- KARAIKKAL(SR)(GC),Railways,SR,Tamil Nadu,1995-09-01,,,100,548.96,518.1,,100,,,0/0,consolidated,70
2012-10-01,220100268,375,TOLLYGANJ-GARIA with extension to Dum Dum-Noapara,Railways,MRTP,West Bengal,2000-03-01,2006-12-01,2010-08-01,907.69,3176.1,3225.24,,3156.32,2010-08-01,,0/0,consolidated,70
2012-10-01,N22000115,376,Tinpahar - Sahibganj (ER),Railways,ER,Jharkhandd,2008-04-01,2012-03-01,2013-02-01,167.73,167.73,48.02,,167.73,,11(O),0/0,consolidated,71
2012-10-01,220100133,377,"UDHAMPUR-SRINAGAR-BARAMULLA (NL),NR",Railways,(NR),J and K,1995-03-01,2001-03-01,2017-12-01,2500,20000,8521.82,,2500,,201(O),0/0,consolidated,71
2012-10-01,N22000088,378,"UTRATIA-ZAFRABAD, NR (LINE DOUBLING)",Railways,(NR),Uttar Pradesh,2006-04-01,2010-03-01,2014-06-01,325,820.4,158.14,,325,2014-06-01,51(O),0/0,consolidated,71
2012-10-01,N22000122,379,Udhna-Jalgaon with electrification(doubling) (WR),Railways,WR,Gujarat,2008-04-01,2014-03-01,2013-03-01,1389.62,1389.62,397.15,,,,-12(O),0/0,consolidated,71
2012-10-01,220100062,380,"VIRAMGAM-BHILDI(WR),GC",Railways,WR,Multi State,1990-04-01,2010-03-01,,155.66,356.87,171.77,,356.87,,,0/0,consolidated,71
2012-10-01,N24000166,381,2 LANNING OF MOKAMA-MUNGER,Road Transport & Highways,NHAI,Bihar,2011-05-01,2013-05-01,2014-03-01,351.54,351.54,352.68,,,,10(O),0/0,consolidated,71
2012-10-01,N24000188,382,2 LANNING OF MUZAFFARPUR - SONBARSA,Road Transport & Highways,NHAI,Bihar,2011-05-01,2013-11-01,2013-11-01,511.54,511.54,269.32,,,,0(O),0/0,consolidated,71
2012-10-01,N24000208,383,2-LANING WITH PS RAIBAREILI TO ALLAHABAD,Road Transport & Highways,NHAI,Uttar Pradesh,2012-07-01,2014-01-01,2014-01-01,291.36,291.36,10.49,,,,0(O),0/0,consolidated,71
2012-10-01,N24000181,384,2-LANNING OF SHILONG BYPASS,Road Transport & Highways,NHAI,Meghalaya,2011-02-01,2014-02-01,2014-02-01,226,226,248.04,,,,0(O),0/0,consolidated,71
2012-10-01,N24000184,385,2-LANNING WITH PS KHAGARIA- PURNEA,Road Transport & Highways,NHAI,Bihar,2011-05-01,2014-02-01,2014-04-01,664,664,223.55,,,,2(O),0/0,consolidated,71
2012-10-01,N24000186,386,2-LANNING WITH PS MOTIHARI- RAXAUL,Road Transport & Highways,NHAI,Bihar,2011-10-01,2014-04-01,2014-04-01,375.09,375.09,40.11,,,,0(O),0/0,consolidated,71
2012-10-01,N24000190,387,2laning with PS Gopalganj-Chappra,Road Transport & Highways,NHAI,Bihar,2011-12-01,2014-05-01,2014-05-01,325,325,131.22,,,,0(O),0/0,consolidated,71
2012-10-01,N24000155,388,4 LANING OF NAGPUR-BETUL,Road Transport & Highways,NHAI,Multi State,2011-02-01,2014-08-01,2014-08-01,2498.76,2498.76,847.12,,,,0(O),0/0,consolidated,71
2012-10-01,N24000167,389,4 LANNING OF AHMEDABAD TO GODHARA,Road Transport & Highways,NHAI,Gujarat,2010-12-01,2013-06-01,2013-06-01,1008.5,1008.5,1097.8,,,,0(O),0/0,consolidated,71
2012-10-01,N24000153,390,4 LANNING OF BELGUM-KHANPUR SECTION AND 2 LANING,Road Transport & Highways,NHAI,Karnataka,2011-03-01,2013-09-01,2014-07-01,359,359,34.42,,,,10(O),0/0,consolidated,71
2012-10-01,N24000168,391,4 LANNING OF GODHARA TO GUJARAT/MP BORDER,Road Transport & Highways,NHAI,Gujarat,2011-03-01,2013-08-01,2013-08-01,785.5,785.5,590.69,,,,0(O),0/0,consolidated,71
2012-10-01,N24000187,392,4-LANNING OF CHAPRA-HAJIPUR,Road Transport & Highways,NHAI,Bihar,2011-01-01,2013-07-01,2013-07-01,575,575,456.17,,,,0(O),0/0,consolidated,71
2012-10-01,N24000191,393,4-laning of Barhi-Hazaribagh,Road Transport & Highways,NHAI,Jharkhandd,2012-02-01,2014-02-01,2014-02-01,398,398,286.35,,,,0(O),0/0,consolidated,71
2012-10-01,N24000203,394,4-laning of Brahampore-Faraka,Road Transport & Highways,NHAI,Multi State,2011-02-01,2013-08-01,2013-08-01,998.79,998.79,560.95,,,,0(O),0/0,consolidated,71
2012-10-01,N24000202,395,4-laning of Faraka-Raiganj,Road Transport & Highways,NHAI,Multi State,2011-02-01,2013-08-01,2013-08-01,1078.84,1078.84,729.12,,,,0(O),0/0,consolidated,71
2012-10-01,N24000204,396,4-laning of Raiganj-Dalkola,Road Transport & Highways,NHAI,Multi State,2011-02-01,2013-08-01,2013-08-01,580.43,580.43,218.49,,,,0(O),0/0,consolidated,72
2012-10-01,N24000206,397,6-LANING OF DHANKUNI- KHARAGPUR SECTION,Road Transport & Highways,NHAI,West Bengal,2012-04-01,2014-09-01,2014-09-01,1396.18,1396.18,463.57,,,,0(O),0/0,consolidated,72
2012-10-01,N24000098,398,"AGRA-BYPASS(NS-1/UP-1),KM 176.8- 13.03 NH-2,3",Road Transport & Highways,NHAI,Uttar Pradesh,2003-12-01,2007-09-01,2014-03-01,348.16,465.5,184.79,,,,78(O),0/0,consolidated,72
2012-10-01,240101173,399,AGRA-SHIKOHABAD (GQ) KM.199.66- KM.250.50 (NH-2),Road Transport & Highways,NHAI,Uttar Pradesh,2000-04-01,2005-03-01,2012-12-01,367.49,367.49,453.68,,,,93(O),0/0,consolidated,72
2012-10-01,N24000147,400,AMRITSAR-PATHANKOT,Road Transport & Highways,NHAI,Punjab,2010-05-01,2012-11-01,2013-06-01,705,705,1161.2,,,,7(O),0/0,consolidated,72
2012-10-01,N24000045,401,ASSAM/WB BORDER TO GAIRKATTA (WB-1),Road Transport & Highways,NHAI,West Bengal,2003-12-01,2008-11-01,2012-11-01,221.82,221.82,289.52,,,,48(O),0/0,consolidated,72
2012-10-01,240106260,402,"AURANG-RAIPUR, NH-6, KM.232 TO KM.281",Road Transport & Highways,NHAI,Chhatisgarh,2005-03-01,2009-01-01,2012-12-01,190,190,260.19,,,,47(O),0/0,consolidated,72
2012-10-01,N24000143,403,Armur to kadloor yellareddy,Road Transport & Highways,NHAI,Andhra Pradesh,2010-02-01,2012-02-01,2012-11-01,390.56,390.56,631.65,,,,9(O),0/0,consolidated,72
2012-10-01,N24000116,404,BALASORE BHADRAK (REVIVED) KM 136.5 - 199.14 NH-5,Road Transport & Highways,NHAI,Orissa,2000-04-01,2004-02-01,2012-12-01,228.7,228.7,194.42,,,,106(O),0/0,consolidated,72
2012-10-01,N24000200,405,BAREILY-SITAPUR,Road Transport & Highways,NHAI,Uttar Pradesh,2011-03-01,2013-09-01,2013-09-01,1046,1046,176.48,,,,0(O),0/0,consolidated,72
2012-10-01,N24000199,406,BEAWAR-PALI-PINDWARA,Road Transport & Highways,NHAI,Rajasthan,2011-12-01,2014-06-01,2014-06-01,2388,2388,470.08,,,,0(O),0/0,consolidated,72
2012-10-01,N24000158,407,BELGAUM-DHARWAD(NH-4),Road Transport & Highways,NHAI,Karnataka,2010-12-01,,2013-10-01,480,480,418.89,,,,,2/2,consolidated,72
2012-10-01,N24000192,408,BHOPAL-SANCHI,Road Transport & Highways,NHAI,Madhya pradesh,2011-10-01,2013-01-01,2013-10-01,209,209,3.82,,,,9(O),0/0,consolidated,72
2012-10-01,N24000195,409,BHUBANESWAR TO PURI,Road Transport & Highways,NHAI,Orissa,2011-03-01,2013-08-01,2013-08-01,500.29,500.29,440.64,,,,0(O),0/0,consolidated,72
2012-10-01,240106293,410,BIJNI TO ASSAM /WB.BORDER (NH- 31.C)(2)(NHAI),Road Transport & Highways,NHAI,Assam,2003-12-01,2008-06-01,2012-12-01,237.8,237.8,251.66,,,,54(O),0/0,consolidated,72
2012-10-01,240106290,411,BIJNI TO ASSAM WB BORDER (NH- 31.C)(1)(NHAI),Road Transport & Highways,NHAI,Assam,2003-12-01,2008-06-01,2013-03-01,195,195,209.66,,,,57(O),0/0,consolidated,72
2012-10-01,240106226,412,"BIJNI TO ASSAM/WB BORDER PH.II, KM.30.00 TO 0.00, NH-31 C",Road Transport & Highways,NHAI,Assam,2003-12-01,2005-06-01,2013-03-01,230,230,227.91,,,,93(O),0/0,consolidated,72
2012-10-01,N24000063,413,"BRAHMPUTRA BRIDGE,NH NO-31",Road Transport & Highways,NHAI,Assam,2003-12-01,2010-04-01,2012-12-01,217.61,217.61,225.26,,,,32(O),0/0,consolidated,72
2012-10-01,N24000068,414,"CHAMBAL BRIDGE, NH-76 (RJ-5)",Road Transport & Highways,NHAI,Rajasthan,2003-12-01,2010-02-01,2013-12-01,275,281.31,179.23,,,,46(O),0/0,consolidated,72
2012-10-01,N24000144,415,CHENGAPALLI TO COIMBATORE BYPASS KM-102.035-144.740 KM,Road Transport & Highways,NHAI,Tamil Nadu,2010-09-01,2013-03-01,2013-03-01,852,852,743.61,,,,0(O),0/0,consolidated,72
2012-10-01,N24000157,416,CHITRADURGA-TUMKUR(NH-4),Road Transport & Highways,NHAI,Karnataka,2011-03-01,,2013-12-01,839,839,355.13,,,,,0/1,consolidated,72
2012-10-01,N24000145,417,CUDDAPAH-MYDUKUR-KURNOOL KM-167.750-356.502 KM,Road Transport & Highways,NHAI,Andhra Pradesh,2010-11-01,2013-05-01,2013-05-01,1585,1585,957.75,,,,0(O),0/0,consolidated,73
2012-10-01,N24000129,418,Chennai-Tada(Six lane),Road Transport & Highways,NHAI,Tamil Nadu,2009-04-01,2011-10-01,2014-03-01,353.37,353.37,376.65,,,,29(O),0/0,consolidated,73
2012-10-01,N24000132,419,Chilkaluripet-Vijaywada 6 lane (km 355 to Km 434.1),Road Transport & Highways,NHAI,Andhra Pradesh,2009-05-01,2011-10-01,2013-06-01,572.3,572.3,712.18,,,,20(O),0/0,consolidated,73
2012-10-01,240106288,420,DAKOBA TO NAGAON (NH-36)(NHAI),Road Transport & Highways,NHAI,Assam,2003-12-01,2008-06-01,2012-12-01,225,225,282.86,,,,54(O),0/0,consolidated,73
2012-10-01,240106244,421,"DEEWAPUR TO UP/BIHAR BORDER (LMNHP-9)-NH-28, KM.402-360.915",Road Transport & Highways,NHAI,Bihar,2003-12-01,2008-10-01,2014-03-01,300,300,175.59,,,,65(O),0/0,consolidated,73
2012-10-01,N24000122,422,DELHI/ HARYANA BORDER TO ROHTAK,Road Transport & Highways,NHAI,Haryana,2007-04-01,2010-05-01,2012-12-01,486,486,593.31,,,,31(O),0/0,consolidated,73
2012-10-01,N24000148,423,DEOLI-KOTA,Road Transport & Highways,NHAI,Rajasthan,2011-01-01,2013-07-01,2013-07-01,953,593,390.9,,,,0(O),0/0,consolidated,73
2012-10-01,N24000173,424,DEVELOPMENT OF ADIQUATE ROAD CONNECTIVITY TO CHENN,Road Transport & Highways,NHAI,Tamil Nadu,2011-06-01,2013-06-01,2013-06-01,600,600,75.85,,,,0(O),0/0,consolidated,73
2012-10-01,N24000152,425,DEVIHALLI-HASSAN,Road Transport & Highways,NHAI,Karnataka,2010-12-01,,2013-06-01,453,453,351.33,,,,,1/1,consolidated,73
2012-10-01,N24000051,426,DHARAMTUL TO SONAPUR (AS-19),Road Transport & Highways,NHAI,Assam,2003-12-01,2008-06-01,2013-03-01,200,200,231.15,,,,57(O),0/0,consolidated,73
2012-10-01,N24000049,427,"DHARAMTUL TO SONAPUR,KM 205- 183 (AS-20)",Road Transport & Highways,NHAI,Assam,2003-12-01,2008-05-01,2013-03-01,160,160,187.69,,,,58(O),0/0,consolidated,73
2012-10-01,N24000108,428,DHOLPUR - MORENA SECTION (INCLUDING CHAMBOL BRIDGE,Road Transport & Highways,NHAI,Multi State,2003-12-01,2010-09-01,2012-12-01,232.45,232.45,274.33,,,,27(O),0/0,consolidated,73
2012-10-01,N24000177,429,Dindigul - Kumli,Road Transport & Highways,NHAI,Tamil Nadu,2011-09-01,2013-08-01,2013-08-01,485,485,85.41,,,,0(O),0/0,consolidated,73
2012-10-01,N24000118,430,END OF DURG BYPASS- CHHATISGARH/MAHARASHTRA BORDER,Road Transport & Highways,NHAI,Chhatisgarh,2008-01-01,2011-01-01,2012-12-01,464,464,535.49,,,,23(O),0/0,consolidated,73
2012-10-01,240106294,431,FORBESGANJ TO SIMRAHI (NH- 57)(NHAI),Road Transport & Highways,NHAI,Bihar,2003-12-01,2008-09-01,2012-12-01,332.94,332.94,399.87,,,,51(O),0/0,consolidated,73
2012-10-01,N24000124,432,Four Lanning from MP/Maharashtra Border to nagpur,Road Transport & Highways,NHAI,Maharashtra,2010-04-01,2011-06-01,2013-12-01,1170.52,1170.52,4.41,,,,30(O),0/0,consolidated,73
2012-10-01,240106221,433,"GANGA BRIDGE TO RAMDEVI CROSSING PH.II NH-25, KM.75-80.06",Road Transport & Highways,NHAI,Uttar Pradesh,2003-12-01,2008-09-01,2013-03-01,155,201.66,134.12,,,,54(O),0/0,consolidated,73
2012-10-01,N24000057,434,"GANJAM-ICCHAPURUM,NH-5(NHAI)",Road Transport & Highways,NHAI,Orissa,2000-04-01,2004-02-01,2012-12-01,263.27,263.27,271.86,,,,106(O),0/0,consolidated,73
2012-10-01,N24000170,435,GHAZIABAD-ALIGARH NH-91,Road Transport & Highways,NHAI,Uttar Pradesh,2011-02-01,2013-08-01,2013-08-01,1141,1141,697.65,,,,0(O),0/0,consolidated,73
2012-10-01,N24000046,436,GUWAHATI TO NALBARI (AS-5),Road Transport & Highways,NHAI,Assam,2003-12-01,2008-04-01,2012-12-01,198.16,198.16,211.16,,,,56(O),0/0,consolidated,73
2012-10-01,N24000038,437,GUWHATI TO NALBARI (AS-4),Road Transport & Highways,NHAI,Assam,2003-12-01,2008-04-01,2012-12-01,175.96,175.96,152.14,,,,56(O),0/0,consolidated,73
2012-10-01,N24000088,438,"GWALIOR BYPSS, NH-75,3",Road Transport & Highways,NHAI,Madhya pradesh,2003-12-01,2009-10-01,2012-12-01,300.93,300.93,302.72,,,,38(O),0/0,consolidated,74
2012-10-01,N24000089,439,"GWALIOR-JHANSI, NH-75",Road Transport & Highways,NHAI,Multi State,2003-12-01,2009-12-01,2013-07-01,604,604,494.29,,,,43(O),0/0,consolidated,74
2012-10-01,N24000125,440,Gujarat/Maharashtra BorderSurat-Hazira Port Section,Road Transport & Highways,NHAI,Gujarat,2010-03-01,2012-09-01,2013-03-01,1509.1,1509.1,1427.9,,,,6(O),0/0,consolidated,74
2012-10-01,N24000130,441,Gurgaon-Kotputli Km 42.70 to 54.4 Km,Road Transport & Highways,NHAI,Multi State,2009-04-01,2011-10-01,2012-12-01,1673.7,1673.7,2731,,,,14(O),0/0,consolidated,74
2012-10-01,240106205,442,"HAPUR-GARHMUKTESWAR (OTHERS) KM.58-93, NH-24",Road Transport & Highways,NHAI,Uttar Pradesh,2005-03-01,2007-09-01,2012-12-01,220,220,279.21,,,,63(O),0/0,consolidated,74
2012-10-01,240106277,443,"HARANGAJO TO MAIBANG (AS-23), KM.126.450 TO KM.140.700",Road Transport & Highways,NHAI,Assam,2003-12-01,2009-02-01,2013-03-01,280,280,278.2,,,2014-03-01,49(O),0/0,consolidated,74
2012-10-01,N24000062,444,"HARANGAJO TO MAIBANG, NH-54",Road Transport & Highways,NHAI,Assam,2003-12-01,2009-07-01,2014-04-01,196,363.74,51.63,,,,57(O),0/0,consolidated,74
2012-10-01,N24000061,445,"HARANGAJO TO MAIBANG,km 164.08- 190.587 NH-54",Road Transport & Highways,NHAI,Assam,2003-12-01,2007-09-01,2014-04-01,212,386.1,28.21,,,,79(O),0/0,consolidated,74
2012-10-01,240101133,446,HARIHAR-CHITRADURGA (GQ) KM.284-KM.207 (NH-4),Road Transport & Highways,NHAI,Karnataka,2000-04-01,2004-08-01,2012-11-01,318,207.56,187.68,,,,99(O),0/0,consolidated,74
2012-10-01,240101132,447,HAVERI-HARIHAR (GQ) KM.340- KM.284 (NH-4),Road Transport & Highways,NHAI,Karnataka,2000-04-01,2004-08-01,2012-11-01,241,196.65,181.42,,,2010-07-01,99(O),0/0,consolidated,74
2012-10-01,N24000141,448,Hazaribagh-Ranchi,Road Transport & Highways,NHAI,Jharkhandd,2010-08-01,2013-01-01,2013-01-01,625.07,625.07,862.54,,,,0(O),0/0,consolidated,74
2012-10-01,N24000138,449,Hungund-Surathkal and Mangalore- Knt/Kerala Border,Road Transport & Highways,NHAI,Karnataka,2010-09-01,,2013-03-01,946,946,1394.4,,,,,3/3,consolidated,74
2012-10-01,N24000134,450,Hyderabad-Vijaywada Km. 40 to 221.50 Km,Road Transport & Highways,NHAI,Andhra Pradesh,2010-04-01,2012-10-01,2012-11-01,1740,1740,1903.3,,,,1(O),0/0,consolidated,74
2012-10-01,N24000142,451,Hyderabad-yadgiri N.H no-202,Road Transport & Highways,NHAI,Andhra Pradesh,2010-08-01,2012-05-01,2012-11-01,388,388,515.85,,,,6(O),0/0,consolidated,74
2012-10-01,N24000159,452,INDORE-DEWAS(NH-3),Road Transport & Highways,NHAI,Madhya pradesh,2010-11-01,2013-05-01,2014-02-01,325,325,387.71,,,,9(O),0/0,consolidated,74
2012-10-01,N24000136,453,Indore-Jhabua-Gujrat/MP,Road Transport & Highways,NHAI,Madhya pradesh,2010-10-01,2013-04-01,2013-04-01,1175,1175,138.67,,,,0(O),0/0,consolidated,74
2012-10-01,N24000198,454,JAIPUR-REENGUS,Road Transport & Highways,NHAI,Rajasthan,2010-08-01,2013-02-01,2013-02-01,267.81,267.81,541.88,,,,0(O),0/0,consolidated,74
2012-10-01,N24000163,455,JAMMU-UDHAMPUR KM.27.5 TO KM.67.00,Road Transport & Highways,NHAI,J and K,2010-07-01,2013-07-01,2014-06-01,1813.76,1813.76,,,,,11(O),0/0,consolidated,74
2012-10-01,N24000031,456,JHAJHARPUR TO DARBANGA (BR-7),Road Transport & Highways,NHAI,Bihar,2003-12-01,2008-09-01,2012-12-01,340,340,575.27,,,,51(O),0/0,consolidated,74
2012-10-01,N24000096,457,"JHANSI TO LALITPUR, NH-25,26",Road Transport & Highways,NHAI,Uttar Pradesh,2003-12-01,2009-09-01,2013-03-01,355.06,355.06,499.7,,,,42(O),0/0,consolidated,74
2012-10-01,N24000180,458,JORBAT - BARAPANI,Road Transport & Highways,NHAI,Meghalaya,2011-01-01,2014-01-01,2014-01-01,536,536,404.05,,,,0(O),0/0,consolidated,74
2012-10-01,N24000135,459,Jaipur-Tonk-Deoli,Road Transport & Highways,NHAI,Rajasthan,2010-06-01,2012-12-01,2012-12-01,792.06,792.06,1517,,,,0(O),0/0,consolidated,74
2012-10-01,240106297,460,"KOTA BYPASS,RJ-4, NH-76 (NHAI)",Road Transport & Highways,NHAI,Rajasthan,2003-12-01,2008-10-01,2013-02-01,275,250.39,279.36,,,,52(O),0/0,consolidated,75
2012-10-01,240106243,461,"KOTWA TO DEWAPUR(10 LMNHP),NH-28 PHASE-II, KM.440 TO KM.402",Road Transport & Highways,NHAI,Bihar,2003-12-01,2008-10-01,2013-03-01,240,240,294.29,,,,53(O),0/0,consolidated,75
2012-10-01,N24000209,462,KRISHNANAGAR-BERHAMPUR,Road Transport & Highways,NHAI,West Bengal,2012-02-01,2014-07-01,2014-07-01,702.16,702.16,183.38,,,,0(O),0/0,consolidated,75
2012-10-01,N24000146,463,KUNDUPUR-SURATHKAL & MANGLORE,Road Transport & Highways,NHAI,Karnataka,2010-09-01,,2013-03-01,671,671,737.54,,,,,2/3,consolidated,75
2012-10-01,N24000128,464,Kishangarh-Ajmer-Beawer,Road Transport & Highways,NHAI,Rajasthan,2009-11-01,2012-05-01,2012-12-01,795,795,1037.5,,,,7(O),0/0,consolidated,75
2012-10-01,N24000094,465,"LAKHNAADON TO MP/MH BORDER,KM 596.75-653 (NS- 1/BOT/MP-2),NH7",Road Transport & Highways,NHAI,Madhya pradesh,2003-12-01,2010-06-01,2014-09-01,407.6,263.17,233.77,,,,51(O),0/0,consolidated,75
2012-10-01,N24000095,466,"LAKHNADON TO MP/MH BORDER (NS-1/BOT/MP-2), NH-7",Road Transport & Highways,NHAI,Madhya pradesh,2003-12-01,2009-09-01,2014-09-01,263.17,263.17,233.77,,,,60(O),0/0,consolidated,75
2012-10-01,N24000207,467,LUCKNOW-RAIBAREILI,Road Transport & Highways,NHAI,Uttar Pradesh,1999-07-01,2012-07-01,2014-07-01,635.9,635.9,,,,,24(O),0/0,consolidated,75
2012-10-01,240106280,468,"MAIBANG TO LUNDING (AS-24), KM.111.000 TO KM.126.450",Road Transport & Highways,NHAI,Assam,2003-12-01,2008-11-01,2013-07-01,155.04,280.13,93.99,,,,56(O),0/0,consolidated,75
2012-10-01,240106278,469,"MAIBANG TO LUNDING (AS-25), KM.83.400 TO KM.111.000",Road Transport & Highways,NHAI,Assam,2003-12-01,2009-04-01,2013-07-01,199.81,385.13,62.08,,,,51(O),0/0,consolidated,75
2012-10-01,240106279,470,"MAIBANG TO LUNDING (AS-26), KM.60.500 TO KM.83.400, NH-54",Road Transport & Highways,NHAI,Assam,2003-12-01,2008-11-01,2014-01-01,167.64,167.64,21.35,,,,62(O),0/0,consolidated,75
2012-10-01,240106281,471,"MAIBANG TO LUNDING (AS-27), KM.40.000 TO KM.60.500",Road Transport & Highways,NHAI,Assam,2003-12-01,2009-04-01,2013-03-01,200,200,118.02,,,,47(O),0/0,consolidated,75
2012-10-01,N24000126,472,MP/Maharashtra Border-Dhula,Road Transport & Highways,NHAI,Maharashtra,2009-12-01,2012-06-01,2012-12-01,835,835,1068.7,,,,6(O),0/0,consolidated,75
2012-10-01,N24000154,473,MURADABAD-BAREILY,Road Transport & Highways,NHAI,Uttar Pradesh,2010-04-01,2013-06-01,2013-06-01,1267,1267,1264.3,,,,0(O),0/0,consolidated,75
2012-10-01,N24000201,474,MUZAFFARNAGAR-HARIDWAR,Road Transport & Highways,NHAI,Multi State,2011-09-01,2013-03-01,2014-03-01,754,754,426.01,,,,12(O),0/0,consolidated,75
2012-10-01,N24000174,475,Muzafarpur - Sonbarsa,Road Transport & Highways,NHAI,Bihar,2011-05-01,2013-11-01,2013-11-01,511.54,511.54,269.32,,,,0(O),0/0,consolidated,75
2012-10-01,N24000042,476,NAGAON TO DHARAMTUL (AS-2),Road Transport & Highways,NHAI,Assam,2003-12-01,2008-06-01,2013-03-01,264.72,264.72,287.75,,,,57(O),0/0,consolidated,75
2012-10-01,N24000055,477,"NAGPUR-KONDHALI,NH-6(NHAI)",Road Transport & Highways,NHAI,Maharashtra,2005-03-01,2008-12-01,2012-12-01,168,168,457.3,,,,48(O),0/0,consolidated,75
2012-10-01,N24000210,478,NAGPUR-WAINGANGA BRIDGE,Road Transport & Highways,NHAI,Maharashtra,2012-04-01,2014-10-01,2014-10-01,484.19,484.19,25.36,,,,0(O),0/0,consolidated,75
2012-10-01,N24000048,479,NALBARI T BIJNI (AS-7),Road Transport & Highways,NHAI,Assam,2003-12-01,2008-04-01,2012-12-01,208,208,270.92,,,,56(O),0/0,consolidated,75
2012-10-01,N24000047,480,NALBARI TO BIJNI (AS-6),Road Transport & Highways,NHAI,Assam,2003-12-01,2008-06-01,2013-03-01,225,225,248.9,,,,57(O),0/0,consolidated,75
2012-10-01,N24000035,481,NALBARI TO BIJNI (AS-8),Road Transport & Highways,NHAI,Assam,2003-12-01,2008-06-01,2012-12-01,200,200,276,,,,54(O),0/0,consolidated,76
2012-10-01,N24000162,482,NASHRI CHANANI,Road Transport & Highways,NHAI,J and K,2010-06-01,2015-06-01,2016-05-01,2159,2159,,,,,11(O),0/0,consolidated,76
2012-10-01,N24000040,483,NEW MANGALORE PORT NH-17 AND 48,Road Transport & Highways,NHAI,Karnataka,2000-04-01,2011-06-01,2012-12-01,196.5,196.5,257.43,,363,2011-06-01,18(O),0/2,consolidated,76
2012-10-01,N24000107,484,NH CONNECTIVITY TO ICTT VALLARPADAEU NH - SH,Road Transport & Highways,NHAI,Kerala,2005-03-01,2010-02-01,2014-12-01,557,557,930.92,,,,58(O),0/0,consolidated,76
2012-10-01,N24000194,485,NIROLI-ROXY-RAJAMUNDA,Road Transport & Highways,NHAI,Orissa,2011-07-01,2014-01-01,2014-01-01,586,586,237.55,,,,0(O),0/0,consolidated,76
2012-10-01,N24000139,486,New 4 Lane elevated road from chennai airport,Road Transport & Highways,NHAI,Tamil Nadu,2010-09-01,2013-09-01,2013-09-01,1655,1655,436.7,,,,0(O),0/0,consolidated,76
2012-10-01,240106250,487,"ORAI TO JHANSI (UP-5),NH-25, KM.220.0 TO KM.170.0",Road Transport & Highways,NHAI,Uttar Pradesh,2003-12-01,2008-03-01,2013-03-01,340.68,340.68,388.01,,,,60(O),0/0,consolidated,76
2012-10-01,N24000197,488,PANIKHOLI-RIMOLI,Road Transport & Highways,NHAI,Orissa,2012-03-01,2014-09-01,2014-09-01,1410,1410,152.77,,,,0(O),0/0,consolidated,76
2012-10-01,N24000151,489,PANIPAT-ROHTAK,Road Transport & Highways,NHAI,Haryana,2011-04-01,2014-10-01,2014-10-01,807,807,931.51,,,,0(O),0/0,consolidated,76
2012-10-01,240106237,490,"PATHANKOT- BHOGPUR, KM.26- KM.70, NS-38 NH-1A",Road Transport & Highways,NHAI,Punjab,2003-12-01,2008-05-01,2013-03-01,284,359,230.13,,,,58(O),0/0,consolidated,76
2012-10-01,N24000185,491,PATNA-BAKTZARPUR KM.181.3 TO KM.231.95,Road Transport & Highways,NHAI,Bihar,2011-09-01,2014-03-01,2014-03-01,574,574,425.9,,,,0(O),0/0,consolidated,76
2012-10-01,N24000165,492,PATNA-MUZZAFFARPUR,Road Transport & Highways,NHAI,Bihar,2010-08-01,2013-02-01,2013-02-01,671.3,671.3,588.61,,,,0(O),0/0,consolidated,76
2012-10-01,N24000123,493,"PIMPALGAON-NASIK-GONDE, NH-3 (NHDP-PHASE-III)",Road Transport & Highways,NHAI,Maharashtra,2005-03-01,2012-07-01,2012-12-01,940,940,1158.8,,,,5(O),0/0,consolidated,76
2012-10-01,N24000156,494,PUNE-SATARA(NH-4),Road Transport & Highways,NHAI,Maharashtra,2010-10-01,2013-03-01,2013-03-01,1724.55,1724.55,1028.2,,,,0(O),0/0,consolidated,76
2012-10-01,N24000193,495,"PUNE-SHOLAPUR,Pkg-II",Road Transport & Highways,NHAI,Maharashtra,2011-09-01,2014-01-01,2014-01-01,835,835,104.67,,,,0(O),0/0,consolidated,76
2012-10-01,N24000133,496,Panipat-Jalandhar 6 lane(Km 96 to 387.1 km),Road Transport & Highways,NHAI,Haryana,2009-05-01,2011-11-01,2013-08-01,1108,2288,3462.4,,,,21(O),0/0,consolidated,76
2012-10-01,N24000127,497,"Pune-sholapur,pkg1",Road Transport & Highways,NHAI,Maharashtra,2009-11-01,2012-05-01,2013-10-01,1110,1110,1802.1,,,,17(O),0/0,consolidated,76
2012-10-01,N24000161,498,QUAZIGUND-BANIHAL KM.220.00 TO KM.188.00,Road Transport & Highways,NHAI,J and K,2010-07-01,2015-07-01,2016-06-01,1987,1987,,,,,11(O),0/0,consolidated,76
2012-10-01,240106304,499,"RAJMARG CHORAHA TO LAKHNANDON,KM 297 TO KM 351, NH-26 (NHAI)",Road Transport & Highways,NHAI,Madhya pradesh,2003-12-01,2008-10-01,2012-12-01,251.03,251.03,312.76,,,,50(O),0/0,consolidated,76
2012-10-01,240106305,500,"RAJMARG CHORAHA TO LAKHNANDON,KM 351 TO KM 405.7, NH-26 (NHA",Road Transport & Highways,NHAI,Madhya pradesh,2003-12-01,2008-10-01,2012-12-01,229.91,229.91,267.5,,,,50(O),0/0,consolidated,76
2012-10-01,N24000169,501,ROHTAK-BAWAL,Road Transport & Highways,NHAI,Haryana,2011-05-01,2013-11-01,2013-11-01,650,650,751.4,,,,0(O),0/0,consolidated,76
2012-10-01,240106303,502,"SAGAR - RAJMARG CHORAHA,KM 211 TO KM 255, NH-26 (NHAI)",Road Transport & Highways,NHAI,Madhya pradesh,2003-12-01,2008-10-01,2012-12-01,203.43,203.43,240.12,,,,50(O),0/0,consolidated,77
2012-10-01,N24000102,503,SALEM - U / UNDRUPET(BOT -1/TN- 06) NH -68,Road Transport & Highways,NHAI,Tamil Nadu,2005-03-01,2011-01-01,2013-02-01,941,941,1901,,,,25(O),0/0,consolidated,77
2012-10-01,N24000179,504,SAMAIKHIALI - GANDHIDHAM,Road Transport & Highways,NHAI,Gujarat,2010-09-01,2013-03-01,2013-03-01,805.39,805.39,360.85,,,,0(O),0/0,consolidated,77
2012-10-01,N24000196,505,SAMBALPUR-BARGARH- CHHATISGARH/ORISSA BORDER,Road Transport & Highways,NHAI,Orissa,2011-11-01,2014-05-01,2014-05-01,909,909,844.05,,,,0(O),0/0,consolidated,77
2012-10-01,240100207,506,"SILCHAR-UDARBAND (PH.II) HN-54, KM.309 TO KM.275",Road Transport & Highways,NHAI,Assam,2003-12-01,2007-09-01,2013-03-01,157.47,154.57,206.78,,,,66(O),0/0,consolidated,77
2012-10-01,N24000028,507,SILIGURI TO ISLAMPUR (WB-7),Road Transport & Highways,NHAI,West Bengal,2003-12-01,2008-07-01,2012-12-01,225,225,186.36,,,,53(O),0/0,consolidated,77
2012-10-01,N24000171,508,SIX LANNING OF HOSUR- KRISHNAGRI NH-7 KM.33.130 TO,Road Transport & Highways,NHAI,Tamil Nadu,2011-06-01,2013-12-01,2013-12-01,535,535,,,,,0(O),0/0,consolidated,77
2012-10-01,N24000172,509,SIX LANNING OF KRISHNAGIRI- WALAJHAPET SECTION KM.,Road Transport & Highways,NHAI,Tamil Nadu,2011-09-01,2013-12-01,2013-12-01,1250,1250,12.48,,,,0(O),0/0,consolidated,77
2012-10-01,N24000183,510,SIX LANNING OF NELLORE- CHILKALURIPET,Road Transport & Highways,NHAI,Andhra Pradesh,2011-11-01,2014-05-01,2014-05-01,1535,1535,822.95,,,,0(O),0/0,consolidated,77
2012-10-01,N24000149,511,SIX LANNING OF VADAKKANCHERRY THRISSURESECTION,Road Transport & Highways,NHAI,Kerala,2010-02-01,2012-08-01,2014-03-01,617,617,154.52,,,,19(O),0/0,consolidated,77
2012-10-01,N24000189,512,SNG toBANL,Road Transport & Highways,NHAI,J and K,2011-06-01,2014-06-01,2014-06-01,1100.7,1100.7,,,,,0(O),0/0,consolidated,77
2012-10-01,N24000044,513,SONAPUR TO GUWAHTI (AS-3),Road Transport & Highways,NHAI,Assam,2003-12-01,2008-03-01,2013-03-01,245,245,491.21,,225,,60(O),0/0,consolidated,77
2012-10-01,240101153,514,SUNAKHALA-GANJAM (GQ) KM.338- KM.284 (NH-5),Road Transport & Highways,NHAI,Orissa,,2004-04-01,2012-12-01,,241.53,141.38,,,,104(O),0/0,consolidated,77
2012-10-01,N24000131,515,Surat- Dahisar(Six Lane) Km 263 to Km 502,Road Transport & Highways,NHAI,Multi State,2009-02-01,2011-08-01,2012-11-01,1693.75,1693.75,2674.9,,,,15(O),0/0,consolidated,77
2012-10-01,N24000056,516,"THANJAUR-TRICHY,NH-67(NHAI)",Road Transport & Highways,NHAI,Tamil Nadu,2005-03-01,2009-06-01,2012-11-01,280,280,581.49,,,,41(O),0/0,consolidated,77
2012-10-01,N24000101,517,TRICHY - KORUR NH-67,Road Transport & Highways,NHAI,Tamil Nadu,2005-03-01,2010-07-01,2013-03-01,516,516,760.07,,,,32(O),0/0,consolidated,77
2012-10-01,N24000140,518,Talegaon-amravati,Road Transport & Highways,NHAI,Maharashtra,2009-11-01,2013-11-01,2013-11-01,567,567,731.28,,,,0(O),0/0,consolidated,77
2012-10-01,N24000178,519,Tirupati - Chennai,Road Transport & Highways,NHAI,Tamil Nadu,2011-04-01,2013-10-01,2013-10-01,571,571,,,,,0(O),0/0,consolidated,77
2012-10-01,N24000176,520,Trichy Bypass,Road Transport & Highways,NHAI,Tamil Nadu,2010-05-01,2013-05-01,2013-05-01,374,374,78.28,,,,0(O),0/0,consolidated,77
2012-10-01,N24000160,521,UGRADATION OF HYDERABAD- BANGALORE SECTION,Road Transport & Highways,NHAI,Karnataka,2010-11-01,,2013-04-01,680,680,166.98,,,,,2/2,consolidated,77
2012-10-01,N24000182,522,VARANASI-AURANGABAD KM.786 TO KM.978.40,Road Transport & Highways,NHAI,Multi State,2011-09-01,2014-03-01,2014-03-01,2848,2848,686.1,,,,0(O),0/0,consolidated,78
2012-10-01,240106236,523,VIJAYAPUR TO PATHANKOT (NS- 35/J&K) NH-1A KM.50 TO KM.80,Road Transport & Highways,NHAI,J and K,2003-12-01,2008-03-01,2012-12-01,166.27,193.1,163.43,,,,57(O),0/0,consolidated,78
2012-10-01,N24000150,524,WADNER-DEVDHARI(NS-60/MH)(KM 94-123 KM),Road Transport & Highways,NHAI,Maharashtra,2011-02-01,2012-11-01,2012-11-01,193.45,193.45,33.97,,,,0(O),0/0,consolidated,78
2012-10-01,N24000175,525,kandla - Mundra port,Road Transport & Highways,NHAI,Gujarat,2011-01-01,2013-07-01,2013-07-01,953.88,953.88,419.59,,,,0(O),0/0,consolidated,78
2012-10-01,N24000205,526,six laning of Chandikhol-Jagatpur- Bhubaneswar,Road Transport & Highways,NHAI,Multi State,2011-12-01,2014-06-01,2014-06-01,1047,1047,148.81,,,,0(O),0/0,consolidated,78
2012-10-01,N25000014,527,ACQUISITION OF 4 NO. OF ANCHOR HANDLING CUM SUPPLY,Shipping & Ports,SHIPP.,Maharashtra,2007-10-01,2011-04-01,2012-10-01,359.44,359.44,358.78,,,2012-10-01,18(O),0/0,consolidated,78
2012-10-01,N25000031,528,ACQUISITION OF 4 NOS. OF 80655 DWT PANAMAX BULK CA,Shipping & Ports,SHIPP.,Maharashtra,2008-08-01,2012-09-01,2012-10-01,1066.91,968.35,777.97,,,2012-10-01,1(O),0/0,consolidated,78
2012-10-01,N25000051,529,Acquisition of 4 nos of 82000 DWT kamsavmax Bulk carriers,Shipping & Ports,SHIPP.,Maharashtra,2010-08-01,2012-12-01,2013-05-01,612.72,627.64,294.84,,627.64,2013-05-01,5(O),0/0,consolidated,78
2012-10-01,N25000043,530,Acquisition of Two nos. of 3060 DWT,Shipping & Ports,SHIPP.,Maharashtra,2009-04-01,2011-12-01,2012-10-01,277.03,277.03,188.88,,280,2012-10-01,10(O),0/0,consolidated,78
2012-10-01,N25000042,531,Acquisition of two nos. of 120 B.P BY 079& 080,Shipping & Ports,SHIPP.,Maharashtra,,2011-06-01,2012-09-01,,305,194.14,,,2012-09-01,,0/0,consolidated,78
2012-10-01,N25000053,532,Acquisition of two(2) Nos. of 317000 DWT very large crude,Shipping & Ports,SHIPP.,Maharashtra,2010-10-01,2014-02-01,2014-02-01,966.46,994.82,248.23,,,,0(O),0/0,consolidated,78
2012-10-01,N25000052,533,Acquistion of three(3) nos of 6500TEU Cellular container,Shipping & Ports,SHIPP.,Maharashtra,2010-10-01,2013-12-01,2013-10-01,1028.1,1028.1,371.96,,1012.23,2013-10-01,-2(O),0/0,consolidated,78
2012-10-01,N25000016,534,CONST. & DEV. OF 2 OFFSHORE CONTAINER BERTHS & TER,Shipping & Ports,MUMBAI PORT TRU,Maharashtra,2007-11-01,2010-12-01,2013-10-01,1228,1460,894.93,,1460,2012-09-01,34(O),0/0,consolidated,78
2012-10-01,N25000039,535,CONSTRUCTION OF 13 & 14 CARGO BERTH AT KANDLA,Shipping & Ports,PORT TRUST,Gujarat,2005-12-01,2011-03-01,2013-03-01,702,755.5,219,,,,24(O),0/0,consolidated,78
2012-10-01,N25000037,536,Construction of berthing and allied facilities off,Shipping & Ports,PORT TRUST,Gujarat,2005-04-01,2011-02-01,2012-12-01,882,1060,0.93,,,,22(O),0/0,consolidated,78
2012-10-01,N25000003,537,DEEPENING AND WIDENING OF MUMBAI HARBOUR CHANNEL A,Shipping & Ports,PORT TRUST,Maharashtra,2005-10-01,2008-10-01,2008-10-01,800,1571.6,5.75,,1571.6,,,0/0,consolidated,78
2012-10-01,N25000004,538,DEEPENING OF CHANNEL AT PARADIP PORT,Shipping & Ports,PORT TRUST,Orissa,2005-12-01,2009-01-01,2009-01-01,154.84,253.36,,,,,,0/1,consolidated,79
2012-10-01,N25000035,539,"ENNORE MANALI EXPRESS WAY,F/O SPECIAL PURPOSE VEHI",Shipping & Ports,PORT TRUST,Tamil Nadu,2002-10-01,2006-03-01,2013-06-01,150,600,110,,309,2013-06-01,87(O),0/0,consolidated,79
2012-10-01,N25000049,540,Mechanization of coal handling facilities to 200,Shipping & Ports,PORT TRUST,Andhra Pradesh,2010-02-01,2010-06-01,2012-11-01,444.1,444.1,,,,,29(O),0/0,consolidated,79
2012-10-01,N25000050,541,Modification & Strengthening of Existing Berth No. 1 to 6,Shipping & Ports,PORT TRUST,Gujarat,2010-06-01,2012-03-01,2012-03-01,277,277,0.21,,,,,0/0,consolidated,79
2012-10-01,N25000059,542,RAIL CONNECTIVITY TO ICTT AT VALLARPADAM AT COCHIN PORT TRUS,Shipping & Ports,RVNL,Kerala,2007-03-01,2009-04-01,2011-02-01,245.67,373.22,326.08,,298.17,2009-11-01,,0/0,consolidated,79
2012-10-01,250100175,543,SETHUSAMUDRAM SHIP CHANNEL PROJECT,Shipping & Ports,PORT TRUST,Tamil Nadu,2005-06-01,2008-10-01,,2427.4,2427.4,830.41,,,2010-11-01,,0/0,consolidated,79
2012-10-01,N25000048,544,SETTING UP OF LNG REGASIFICATION TERMINAL AT PUTHU,Shipping & Ports,PORT TRUST,Kerala,2009-03-01,2012-01-01,2012-12-01,3500,4150,3534.95,,4150,2012-09-01,11(O),0/0,consolidated,79
2012-10-01,N25000060,545,Setting up of Single Point Mooring (SPM) and allie,Shipping & Ports,PORT TRUST,Gujarat,2011-02-01,2013-05-01,2013-03-01,830,621.53,,,,,-2(O),0/0,consolidated,79
2012-10-01,N26000062,546,"Assam Telecom Circle, Phase-V.I, 2G & 3G",Telecommunications,BSNL,Assam,2007-06-01,2009-01-01,2013-06-01,336.81,336.81,157.98,,,,53(O),0/0,consolidated,79
2012-10-01,N26000016,547,CONVERGENT BILLING AND CRM(MUMBAI),Telecommunications,MTNL,Maharashtra,2006-01-01,2007-02-01,,247,247,75.89,,,2010-12-01,,0/0,consolidated,79
2012-10-01,N26000011,548,CONVERGENT BILLING AND CRM- MTNL(DELHI),Telecommunications,MTNL,Delhi,2005-12-01,2007-02-01,2013-02-01,249,229.41,67.2,,229.41,2012-03-01,72(O),0/0,consolidated,79
2012-10-01,N26000096,549,ERP implementation in BSNL on Turnkey basis,Telecommunications,BSNL,Multi State,2009-10-01,2010-10-01,2013-06-01,384,384,29.45,,,2012-03-01,32(O),0/0,consolidated,79
2012-10-01,N26000029,550,EXPANSION OF EXISTING 750K GSM NETWORK PE NO. 992,Telecommunications,BSNL,Maharashtra,2006-06-01,2007-10-01,,231.38,168.3,,,,,,0/0,consolidated,79
2012-10-01,N26000065,551,Execution of telecom network requirement of defence,Telecommunications,BSNL,Multi State,2006-05-01,2009-03-01,,1077,1077,,,,,,0/0,consolidated,79
2012-10-01,N26000058,552,GSM EQUIPMENT OF 283000 LINES (2G) AND 75000 LINES,Telecommunications,BSNL,Uttaranchal,2009-01-01,2009-06-01,2013-03-01,149.15,158.72,80.05,,158.72,,45(O),0/0,consolidated,79
2012-10-01,N26000041,553,GSM EQUIPMENT OF 390K LINES(2G) AND 130K LINES(3G),Telecommunications,BSNL,Punjab,2008-02-01,2008-12-01,2013-03-01,373.94,373.94,232,,,,51(O),0/0,consolidated,80
2012-10-01,N26000090,554,GSM equipment of 1625000Lines (2G) 325000 lines 3(,Telecommunications,BSNL,Madhya pradesh,2009-11-01,2010-11-01,2012-12-01,916.7,930.6,815.91,,930.6,,25(O),0/0,consolidated,80
2012-10-01,N26000082,555,GSM equipment of 200000Lines (2G) UP(West)Phase V.,Telecommunications,BSNL,Uttar Pradesh,2008-10-01,2009-10-01,2011-03-01,336.84,336.84,35.75,,,,,0/0,consolidated,80
2012-10-01,N26000088,556,GSM equipment of 799000Lines (2G) 101000 lines 3(G,Telecommunications,BSNL,Jharkhandd,2008-03-01,2009-03-01,2013-03-01,328.13,328.12,164.58,,,,48(O),0/0,consolidated,80
2012-10-01,N26000073,557,"Implementation of FTTH, the state of the art Acces",Telecommunications,BSNL,Multi State,2007-12-01,2010-03-01,,152.65,152.65,,,,,,0/0,consolidated,80
2012-10-01,N26000072,558,"Implementation of FTTH, the state of the art access ,gpon eq",Telecommunications,BSNL,Multi State,2007-12-01,2010-03-01,,952.88,952.88,,,,,,0/0,consolidated,80
2012-10-01,N28000008,559,BANGALORE METRO RAIL PROJECT,Urban Development,MRTP,Karnataka,2006-05-01,2011-06-01,2013-03-01,6395,11609,2267.57,,,,21(O),6/6,consolidated,80
2012-10-01,N28000048,560,C/o office building for IDBI at bandra Kurla Compl,Urban Development,CPWD,Maharashtra,2006-11-01,2009-04-01,,114.18,173.08,,,173.08,,,0/0,consolidated,80
2012-10-01,N28000056,561,DELHI MRTS PHASE-III,Urban Development,DMRC,Delhi,2011-09-01,2016-03-01,2016-03-01,35242,35242,923.05,,,,0(O),0/0,consolidated,80
2012-10-01,N28000057,562,FARIDABAD EXTENSION,Urban Development,DMRC,Delhi,2011-09-01,2014-09-01,2014-09-01,2494,2494,69.58,,,,0(O),0/0,consolidated,80
2012-10-01,300100001,563,PAGLADIYA DAM PROJECT,Water Resources,MoWR,Assam,2001-01-01,2007-12-01,2012-12-01,542.9,1187,35.49,,,,60(O),0/0,consolidated,80
