report_month,fyear,month_name,paimana_id,part,filename,archive_path
2001-04,2001-02,April,1299,,FR_April_2001.pdf,Content\ArchiveReport\flash\2001-02\FR_April_2001.pdf
2001-05,2001-02,May,1307,,FR_MAY_2001.pdf,Content\ArchiveReport\flash\2001-02\FR_MAY_2001.pdf
2001-06,2001-02,June,1305,,FR_JUNE_2001.pdf,Content\ArchiveReport\flash\2001-02\FR_JUNE_2001.pdf
2001-07,2001-02,July,1304,,FR_JULY_2001.pdf,Content\ArchiveReport\flash\2001-02\FR_JULY_2001.pdf
2001-08,2001-02,August,1300,,FR_AUG_2001.pdf,Content\ArchiveReport\flash\2001-02\FR_AUG_2001.pdf
2001-09,2001-02,September,1310,,FR_SEP_2001.pdf,Content\ArchiveReport\flash\2001-02\FR_SEP_2001.pdf
2001-10,2001-02,October,1309,,FR_OCT_2001.pdf,Content\ArchiveReport\flash\2001-02\FR_OCT_2001.pdf
2001-11,2001-02,November,1308,,FR_NOV_2001.pdf,Content\ArchiveReport\flash\2001-02\FR_NOV_2001.pdf
2001-12,2001-02,December,1301,,FR_DEC_2001.pdf,Content\ArchiveReport\flash\2001-02\FR_DEC_2001.pdf
2002-01,2001-02,January,1303,,FR_JAN_2002.pdf,Content\ArchiveReport\flash\2001-02\FR_JAN_2002.pdf
2002-02,2001-02,February,1302,,FR_FEB_2002.pdf,Content\ArchiveReport\flash\2001-02\FR_FEB_2002.pdf
2002-03,2001-02,March,1306,,FR_MAR_2002.pdf,Content\ArchiveReport\flash\2001-02\FR_MAR_2002.pdf
2002-04,2002-03,April,1160,,FR_Apr_2002.pdf,Content\ArchiveReport\flash\2002-03\FR_Apr_2002.pdf
2002-05,2002-03,May,1168,,FR_MAY_2002.pdf,Content\ArchiveReport\flash\2002-03\FR_MAY_2002.pdf
2002-06,2002-03,June,1166,,FR_JUNE_2002.pdf,Content\ArchiveReport\flash\2002-03\FR_JUNE_2002.pdf
2002-07,2002-03,July,1165,,FR_JULY_2002.pdf,Content\ArchiveReport\flash\2002-03\FR_JULY_2002.pdf
2002-08,2002-03,August,1161,,FR_AUG_2002.pdf,Content\ArchiveReport\flash\2002-03\FR_AUG_2002.pdf
2002-09,2002-03,September,1171,,FR_SEP_2002.pdf,Content\ArchiveReport\flash\2002-03\FR_SEP_2002.pdf
2002-10,2002-03,October,1170,,FR_OCT_2002.pdf,Content\ArchiveReport\flash\2002-03\FR_OCT_2002.pdf
2002-11,2002-03,November,1169,,FR_NOV_2002.pdf,Content\ArchiveReport\flash\2002-03\FR_NOV_2002.pdf
2002-12,2002-03,December,1162,,FR_DEC_2002.pdf,Content\ArchiveReport\flash\2002-03\FR_DEC_2002.pdf
2003-01,2002-03,January,1164,,FR_JAN_2003.pdf,Content\ArchiveReport\flash\2002-03\FR_JAN_2003.pdf
2003-02,2002-03,February,1163,,FR_FEB_2003.pdf,Content\ArchiveReport\flash\2002-03\FR_FEB_2003.pdf
2003-03,2002-03,March,1167,,FR_MAR_2003.pdf,Content\ArchiveReport\flash\2002-03\FR_MAR_2003.pdf
2003-04,2003-04,April,1172,,MonthlyFR_april_2003.pdf,Content\ArchiveReport\flash\2003-04\MonthlyFR_april_2003.pdf
2003-05,2003-04,May,1180,,MonthlyFR_may_2003.pdf,Content\ArchiveReport\flash\2003-04\MonthlyFR_may_2003.pdf
2003-06,2003-04,June,1178,,MonthlyFR_june_2003.pdf,Content\ArchiveReport\flash\2003-04\MonthlyFR_june_2003.pdf
2003-07,2003-04,July,1177,,MonthlyFR_july_2003.pdf,Content\ArchiveReport\flash\2003-04\MonthlyFR_july_2003.pdf
2003-08,2003-04,August,1173,,MonthlyFR_aug_2003.pdf,Content\ArchiveReport\flash\2003-04\MonthlyFR_aug_2003.pdf
2003-09,2003-04,September,1183,,MonthlyFR_sep_2003.pdf,Content\ArchiveReport\flash\2003-04\MonthlyFR_sep_2003.pdf
2003-10,2003-04,October,1182,,MonthlyFR_oct_2003.pdf,Content\ArchiveReport\flash\2003-04\MonthlyFR_oct_2003.pdf
2003-11,2003-04,November,1181,,MonthlyFR_nov_2003.pdf,Content\ArchiveReport\flash\2003-04\MonthlyFR_nov_2003.pdf
2003-12,2003-04,December,1174,,MonthlyFR_dec_2003.pdf,Content\ArchiveReport\flash\2003-04\MonthlyFR_dec_2003.pdf
2004-01,2003-04,January,1176,,MonthlyFR_jan_2004.pdf,Content\ArchiveReport\flash\2003-04\MonthlyFR_jan_2004.pdf
2004-02,2003-04,February,1175,,MonthlyFR_feb_2004.pdf,Content\ArchiveReport\flash\2003-04\MonthlyFR_feb_2004.pdf
2004-03,2003-04,March,1179,,MonthlyFR_mar_2004.pdf,Content\ArchiveReport\flash\2003-04\MonthlyFR_mar_2004.pdf
2004-04,2004-05,April,1184,,MonthlyFR_apr_2004.pdf,Content\ArchiveReport\flash\2004-05\MonthlyFR_apr_2004.pdf
2004-05,2004-05,May,1192,,MonthlyFR_may_2004.pdf,Content\ArchiveReport\flash\2004-05\MonthlyFR_may_2004.pdf
2004-06,2004-05,June,1190,,MonthlyFR_june_2004.pdf,Content\ArchiveReport\flash\2004-05\MonthlyFR_june_2004.pdf
2004-07,2004-05,July,1189,,MonthlyFR_july_2004.pdf,Content\ArchiveReport\flash\2004-05\MonthlyFR_july_2004.pdf
2004-08,2004-05,August,1185,,MonthlyFR_aug_2004.pdf,Content\ArchiveReport\flash\2004-05\MonthlyFR_aug_2004.pdf
2004-09,2004-05,September,1195,,MonthlyFR_sep_2004.pdf,Content\ArchiveReport\flash\2004-05\MonthlyFR_sep_2004.pdf
2004-10,2004-05,October,1194,,MonthlyFR_oct_2004.pdf,Content\ArchiveReport\flash\2004-05\MonthlyFR_oct_2004.pdf
2004-11,2004-05,November,1193,,MonthlyFR_nov_2004.pdf,Content\ArchiveReport\flash\2004-05\MonthlyFR_nov_2004.pdf
2004-12,2004-05,December,1186,,MonthlyFR_dec_2004.pdf,Content\ArchiveReport\flash\2004-05\MonthlyFR_dec_2004.pdf
2005-01,2004-05,January,1188,,MonthlyFR_jan_2005.pdf,Content\ArchiveReport\flash\2004-05\MonthlyFR_jan_2005.pdf
2005-02,2004-05,February,1187,,MonthlyFR_feb_2005.pdf,Content\ArchiveReport\flash\2004-05\MonthlyFR_feb_2005.pdf
2005-03,2004-05,March,1191,,MonthlyFR_mar_2005.pdf,Content\ArchiveReport\flash\2004-05\MonthlyFR_mar_2005.pdf
2005-05,2005-06,May,1203,,MonthlyFR_may_2005.pdf,Content\ArchiveReport\flash\2005-06\MonthlyFR_may_2005.pdf
2005-06,2005-06,June,1201,,MonthlyFR_june_2005.pdf,Content\ArchiveReport\flash\2005-06\MonthlyFR_june_2005.pdf
2005-07,2005-06,July,1200,,MonthlyFR_july_2005.pdf,Content\ArchiveReport\flash\2005-06\MonthlyFR_july_2005.pdf
2005-08,2005-06,August,1196,,MonthlyFR_aug_2005.pdf,Content\ArchiveReport\flash\2005-06\MonthlyFR_aug_2005.pdf
2005-09,2005-06,September,1206,,MonthlyFR_sep_2005.pdf,Content\ArchiveReport\flash\2005-06\MonthlyFR_sep_2005.pdf
2005-10,2005-06,October,1205,,MonthlyFR_oct_2005.pdf,Content\ArchiveReport\flash\2005-06\MonthlyFR_oct_2005.pdf
2005-11,2005-06,November,1204,,MonthlyFR_nov_2005.pdf,Content\ArchiveReport\flash\2005-06\MonthlyFR_nov_2005.pdf
2005-12,2005-06,December,1197,,MonthlyFR_dec_2005.pdf,Content\ArchiveReport\flash\2005-06\MonthlyFR_dec_2005.pdf
2006-01,2005-06,January,1199,,MonthlyFR_jan_2006.pdf,Content\ArchiveReport\flash\2005-06\MonthlyFR_jan_2006.pdf
2006-02,2005-06,February,1198,,MonthlyFR_feb_2006.pdf,Content\ArchiveReport\flash\2005-06\MonthlyFR_feb_2006.pdf
2006-03,2005-06,March,1202,,MonthlyFR_mar_2006.pdf,Content\ArchiveReport\flash\2005-06\MonthlyFR_mar_2006.pdf
2006-04,2006-07,April,1207,,MonthlyFR_apr_2006.pdf,Content\ArchiveReport\flash\2006-07\MonthlyFR_apr_2006.pdf
2006-05,2006-07,May,1215,,MonthlyFR_may_2006.pdf,Content\ArchiveReport\flash\2006-07\MonthlyFR_may_2006.pdf
2006-06,2006-07,June,1213,,MonthlyFR_june_2006.pdf,Content\ArchiveReport\flash\2006-07\MonthlyFR_june_2006.pdf
2006-07,2006-07,July,1212,,MonthlyFR_july_2006.pdf,Content\ArchiveReport\flash\2006-07\MonthlyFR_july_2006.pdf
2006-08,2006-07,August,1208,,MonthlyFR_aug_2006.pdf,Content\ArchiveReport\flash\2006-07\MonthlyFR_aug_2006.pdf
2006-09,2006-07,September,1218,,MonthlyFR_sep_2006.pdf,Content\ArchiveReport\flash\2006-07\MonthlyFR_sep_2006.pdf
2006-10,2006-07,October,1217,,MonthlyFR_oct_2006.pdf,Content\ArchiveReport\flash\2006-07\MonthlyFR_oct_2006.pdf
2006-11,2006-07,November,1216,,MonthlyFR_nov_2006.pdf,Content\ArchiveReport\flash\2006-07\MonthlyFR_nov_2006.pdf
2006-12,2006-07,December,1209,,MonthlyFR_dec_2006.pdf,Content\ArchiveReport\flash\2006-07\MonthlyFR_dec_2006.pdf
2007-01,2006-07,January,1211,,MonthlyFR_jan_2007.pdf,Content\ArchiveReport\flash\2006-07\MonthlyFR_jan_2007.pdf
2007-02,2006-07,February,1210,,MonthlyFR_feb_2007.pdf,Content\ArchiveReport\flash\2006-07\MonthlyFR_feb_2007.pdf
2007-03,2006-07,March,1214,,MonthlyFR_mar_2007.pdf,Content\ArchiveReport\flash\2006-07\MonthlyFR_mar_2007.pdf
2007-04,2007-08,April,1221,,MonthlyFR_april_2007.pdf,Content\ArchiveReport\flash\2007-08\MonthlyFR_april_2007.pdf
2007-05,2007-08,May,1219,,FR_MAY_2007.pdf,Content\ArchiveReport\flash\2007-08\FR_MAY_2007.pdf
2007-06,2007-08,June,1227,,MonthlyFR_june_2007.pdf,Content\ArchiveReport\flash\2007-08\MonthlyFR_june_2007.pdf
2007-07,2007-08,July,1226,,MonthlyFR_july_2007.pdf,Content\ArchiveReport\flash\2007-08\MonthlyFR_july_2007.pdf
2007-08,2007-08,August,1222,,MonthlyFR_aug_2007.pdf,Content\ArchiveReport\flash\2007-08\MonthlyFR_aug_2007.pdf
2007-09,2007-08,September,1230,,MonthlyFR_sep_2007.pdf,Content\ArchiveReport\flash\2007-08\MonthlyFR_sep_2007.pdf
2007-10,2007-08,October,1220,,FR_OCT_2007.pdf,Content\ArchiveReport\flash\2007-08\FR_OCT_2007.pdf
2007-11,2007-08,November,1229,,MonthlyFR_nov_2007.pdf,Content\ArchiveReport\flash\2007-08\MonthlyFR_nov_2007.pdf
2007-12,2007-08,December,1223,,MonthlyFR_dec_2007.pdf,Content\ArchiveReport\flash\2007-08\MonthlyFR_dec_2007.pdf
2008-01,2007-08,January,1225,,MonthlyFR_jan_2008.pdf,Content\ArchiveReport\flash\2007-08\MonthlyFR_jan_2008.pdf
2008-02,2007-08,February,1224,,MonthlyFR_feb_2008.pdf,Content\ArchiveReport\flash\2007-08\MonthlyFR_feb_2008.pdf
2008-03,2007-08,March,1228,,MonthlyFR_mar_2008.pdf,Content\ArchiveReport\flash\2007-08\MonthlyFR_mar_2008.pdf
2008-04,2008-09,April,1233,,MonthlyFR_april_2008.pdf,Content\ArchiveReport\flash\2008-09\MonthlyFR_april_2008.pdf
2008-05,2008-09,May,1238,,MonthlyFR_may_2008.pdf,Content\ArchiveReport\flash\2008-09\MonthlyFR_may_2008.pdf
2008-06,2008-09,June,1237,,MonthlyFR_june_2008.pdf,Content\ArchiveReport\flash\2008-09\MonthlyFR_june_2008.pdf
2008-07,2008-09,July,1236,,MonthlyFR_july_2008.pdf,Content\ArchiveReport\flash\2008-09\MonthlyFR_july_2008.pdf
2008-08,2008-09,August,1234,,MonthlyFR_aug_2008.pdf,Content\ArchiveReport\flash\2008-09\MonthlyFR_aug_2008.pdf
2008-09,2008-09,September,1241,,MonthlyFR_sep_2008.pdf,Content\ArchiveReport\flash\2008-09\MonthlyFR_sep_2008.pdf
2008-10,2008-09,October,1240,,MonthlyFR_oct_2008.pdf,Content\ArchiveReport\flash\2008-09\MonthlyFR_oct_2008.pdf
2008-11,2008-09,November,1239,,MonthlyFR_nov_2008.pdf,Content\ArchiveReport\flash\2008-09\MonthlyFR_nov_2008.pdf
2008-12,2008-09,December,1235,,MonthlyFR_dec_2008.pdf,Content\ArchiveReport\flash\2008-09\MonthlyFR_dec_2008.pdf
2009-02,2008-09,February,1231,,FLR_FEB_2009.pdf,Content\ArchiveReport\flash\2008-09\FLR_FEB_2009.pdf
2009-03,2008-09,March,1232,,FR_MAR_2009.pdf,Content\ArchiveReport\flash\2008-09\FR_MAR_2009.pdf
2009-04,2009-10,April,1242,,FLR_APR_2009.pdf,Content\ArchiveReport\flash\2009-10\FLR_APR_2009.pdf
2009-05,2009-10,May,1243,,FLR_MAY_2009.pdf,Content\ArchiveReport\flash\2009-10\FLR_MAY_2009.pdf
2009-06,2009-10,June,1249,,FR_JUNE_2009.pdf,Content\ArchiveReport\flash\2009-10\FR_JUNE_2009.pdf
2009-07,2009-10,July,1248,,FR_JULY_2009.pdf,Content\ArchiveReport\flash\2009-10\FR_JULY_2009.pdf
2009-08,2009-10,August,1244,,FR_AUG_2009.pdf,Content\ArchiveReport\flash\2009-10\FR_AUG_2009.pdf
2009-09,2009-10,September,1253,,FR_SEP_2009.pdf,Content\ArchiveReport\flash\2009-10\FR_SEP_2009.pdf
2009-10,2009-10,October,1252,,FR_OCT_2009.pdf,Content\ArchiveReport\flash\2009-10\FR_OCT_2009.pdf
2009-11,2009-10,November,1251,,FR_NOV_2009.pdf,Content\ArchiveReport\flash\2009-10\FR_NOV_2009.pdf
2009-12,2009-10,December,1245,,FR_DEC_2009.pdf,Content\ArchiveReport\flash\2009-10\FR_DEC_2009.pdf
2010-01,2009-10,January,1247,,FR_JAN_2010.pdf,Content\ArchiveReport\flash\2009-10\FR_JAN_2010.pdf
2010-02,2009-10,February,1246,,FR_FEB_2010.pdf,Content\ArchiveReport\flash\2009-10\FR_FEB_2010.pdf
2010-03,2009-10,March,1250,,FR_MARCH_2010.pdf,Content\ArchiveReport\flash\2009-10\FR_MARCH_2010.pdf
2010-04,2010-11,April,1254,,fr_Apr_2010.pdf,Content\ArchiveReport\flash\2010-11\fr_Apr_2010.pdf
2010-05,2010-11,May,1262,,FR_May_2010.pdf,Content\ArchiveReport\flash\2010-11\FR_May_2010.pdf
2010-06,2010-11,June,1260,,FR_june_2010.pdf,Content\ArchiveReport\flash\2010-11\FR_june_2010.pdf
2010-07,2010-11,July,1259,,FR_JULY_2010.pdf,Content\ArchiveReport\flash\2010-11\FR_JULY_2010.pdf
2010-08,2010-11,August,1255,,fr_Aug_2010.pdf,Content\ArchiveReport\flash\2010-11\fr_Aug_2010.pdf
2010-09,2010-11,September,1265,,fr_sept_2010.pdf,Content\ArchiveReport\flash\2010-11\fr_sept_2010.pdf
2010-10,2010-11,October,1264,,FR_OCT_2010.pdf,Content\ArchiveReport\flash\2010-11\FR_OCT_2010.pdf
2010-11,2010-11,November,1263,,FR_NOV_2010.pdf,Content\ArchiveReport\flash\2010-11\FR_NOV_2010.pdf
2010-12,2010-11,December,1256,,FR_Dec_2010.pdf,Content\ArchiveReport\flash\2010-11\FR_Dec_2010.pdf
2011-01,2010-11,January,1258,,FR_JAN_2011.pdf,Content\ArchiveReport\flash\2010-11\FR_JAN_2011.pdf
2011-02,2010-11,February,1257,,FR_FEB_2011.pdf,Content\ArchiveReport\flash\2010-11\FR_FEB_2011.pdf
2011-03,2010-11,March,1261,,FR_MARCH_2011.pdf,Content\ArchiveReport\flash\2010-11\FR_MARCH_2011.pdf
2011-04,2011-12,April,1266,,FR_APR_2011.pdf,Content\ArchiveReport\flash\2011-12\FR_APR_2011.pdf
2011-05,2011-12,May,1274,,FR_MAY_2011.pdf,Content\ArchiveReport\flash\2011-12\FR_MAY_2011.pdf
2011-06,2011-12,June,1272,,FR_JUNE_2011.pdf,Content\ArchiveReport\flash\2011-12\FR_JUNE_2011.pdf
2011-07,2011-12,July,1271,,FR_JULY_2011.pdf,Content\ArchiveReport\flash\2011-12\FR_JULY_2011.pdf
2011-08,2011-12,August,1267,,FR_AUG_2011.pdf,Content\ArchiveReport\flash\2011-12\FR_AUG_2011.pdf
2011-09,2011-12,September,1277,,FR_SEP_2011.pdf,Content\ArchiveReport\flash\2011-12\FR_SEP_2011.pdf
2011-10,2011-12,October,1276,,FR_OCT_2011.pdf,Content\ArchiveReport\flash\2011-12\FR_OCT_2011.pdf
2011-11,2011-12,November,1275,,FR_NOV_2011.pdf,Content\ArchiveReport\flash\2011-12\FR_NOV_2011.pdf
2011-12,2011-12,December,1268,,FR_DEC_2011.pdf,Content\ArchiveReport\flash\2011-12\FR_DEC_2011.pdf
2012-01,2011-12,January,1270,,FR_JAN_2012.pdf,Content\ArchiveReport\flash\2011-12\FR_JAN_2012.pdf
2012-02,2011-12,February,1269,,FR_FEB_2012.pdf,Content\ArchiveReport\flash\2011-12\FR_FEB_2012.pdf
2012-03,2011-12,March,1273,,FR_MARCH_2012.pdf,Content\ArchiveReport\flash\2011-12\FR_MARCH_2012.pdf
2012-04,2012-13,April,1278,,FR_APR_2012.pdf,Content\ArchiveReport\flash\2012-13\FR_APR_2012.pdf
2012-05,2012-13,May,1286,,FR_MAY_2012.pdf,Content\ArchiveReport\flash\2012-13\FR_MAY_2012.pdf
2012-06,2012-13,June,1284,,FR_JUNE_2012.pdf,Content\ArchiveReport\flash\2012-13\FR_JUNE_2012.pdf
2012-07,2012-13,July,1283,,FR_JULY_2012.pdf,Content\ArchiveReport\flash\2012-13\FR_JULY_2012.pdf
2012-08,2012-13,August,1279,,FR_AUGUST_2012.pdf,Content\ArchiveReport\flash\2012-13\FR_AUGUST_2012.pdf
2012-09,2012-13,September,1289,,FR_SEPTEMBER_2012.pdf,Content\ArchiveReport\flash\2012-13\FR_SEPTEMBER_2012.pdf
2012-10,2012-13,October,1288,,FR_OCTOBER_2012.pdf,Content\ArchiveReport\flash\2012-13\FR_OCTOBER_2012.pdf
2012-11,2012-13,November,1287,,FR_NOV_2012.pdf,Content\ArchiveReport\flash\2012-13\FR_NOV_2012.pdf
2012-12,2012-13,December,1280,,FR_DEC_2012.pdf,Content\ArchiveReport\flash\2012-13\FR_DEC_2012.pdf
2013-01,2012-13,January,1282,,FR_JAn_2013_new.pdf,Content\ArchiveReport\flash\2012-13\FR_JAn_2013_new.pdf
2013-02,2012-13,February,1281,,FR_FEB_2013.pdf,Content\ArchiveReport\flash\2012-13\FR_FEB_2013.pdf
2013-03,2012-13,March,1285,,FR_MAR_2013.pdf,Content\ArchiveReport\flash\2012-13\FR_MAR_2013.pdf
2013-04,2013-14,April,1290,,FR_APR_2013.pdf,Content\ArchiveReport\flash\2013-14\FR_APR_2013.pdf
2013-05,2013-14,May,1295,,FR_MAY_2013.pdf,Content\ArchiveReport\flash\2013-14\FR_MAY_2013.pdf
2013-06,2013-14,June,1294,,FR_JUN_2013.pdf,Content\ArchiveReport\flash\2013-14\FR_JUN_2013.pdf
2013-07,2013-14,July,1293,,FR_July_2013.pdf,Content\ArchiveReport\flash\2013-14\FR_July_2013.pdf
2013-08,2013-14,August,1291,,FR_Aug_2013.pdf,Content\ArchiveReport\flash\2013-14\FR_Aug_2013.pdf
2013-09,2013-14,September,1298,,FR_Sep_2013.pdf,Content\ArchiveReport\flash\2013-14\FR_Sep_2013.pdf
2013-10,2013-14,October,1297,,FR_Oct_2013.pdf,Content\ArchiveReport\flash\2013-14\FR_Oct_2013.pdf
2013-11,2013-14,November,1296,,FR_Nov_2013.pdf,Content\ArchiveReport\flash\2013-14\FR_Nov_2013.pdf
2013-12,2013-14,December,1292,,FR_Dec_2013.pdf,Content\ArchiveReport\flash\2013-14\FR_Dec_2013.pdf
2014-01,2013-14,January,90,,FR_jan_2014.pdf,Content\ArchiveReport\flash\2013-14\FR_jan_2014.pdf
2014-02,2013-14,February,91,,FR_feb_2014.pdf,Content\ArchiveReport\flash\2013-14\FR_feb_2014.pdf
2014-03,2013-14,March,92,,FR_mar_2014.pdf,Content\ArchiveReport\flash\2013-14\FR_mar_2014.pdf
2014-04,2014-15,April,93,,FR_APR_2014.pdf,Content\ArchiveReport\flash\2014-15\FR_APR_2014.pdf
2014-05,2014-15,May,94,,FR_may_2014.pdf,Content\ArchiveReport\flash\2014-15\FR_may_2014.pdf
2014-06,2014-15,June,95,,FR_june_2014.pdf,Content\ArchiveReport\flash\2014-15\FR_june_2014.pdf
2014-07,2014-15,July,96,,FR_jul_2014.pdf,Content\ArchiveReport\flash\2014-15\FR_jul_2014.pdf
2014-08,2014-15,August,97,,FR_aug_2014.pdf,Content\ArchiveReport\flash\2014-15\FR_aug_2014.pdf
2014-09,2014-15,September,98,,FR_sep_2014.pdf,Content\ArchiveReport\flash\2014-15\FR_sep_2014.pdf
2014-10,2014-15,October,99,,FR_oct_2014.pdf,Content\ArchiveReport\flash\2014-15\FR_oct_2014.pdf
2014-11,2014-15,November,100,,FR_nov_2014.pdf,Content\ArchiveReport\flash\2014-15\FR_nov_2014.pdf
2014-12,2014-15,December,101,,FR_dec_2014.pdf,Content\ArchiveReport\flash\2014-15\FR_dec_2014.pdf
2015-01,2014-15,January,102,,FR_jan_2015.pdf,Content\ArchiveReport\flash\2014-15\FR_jan_2015.pdf
2015-02,2014-15,February,103,,FR_feb_2015.pdf,Content\ArchiveReport\flash\2014-15\FR_feb_2015.pdf
2015-03,2014-15,March,104,,FR_march_2015.pdf,Content\ArchiveReport\flash\2014-15\FR_march_2015.pdf
2015-04,2015-16,April,105,,FR_APRil_2015.pdf,Content\ArchiveReport\flash\2015-16\FR_APRil_2015.pdf
2015-05,2015-16,May,106,,FR_may_2015.pdf,Content\ArchiveReport\flash\2015-16\FR_may_2015.pdf
2015-06,2015-16,June,107,,FR_jun_2015.pdf,Content\ArchiveReport\flash\2015-16\FR_jun_2015.pdf
2015-07,2015-16,July,108,,FR_july_2015.pdf,Content\ArchiveReport\flash\2015-16\FR_july_2015.pdf
2015-08,2015-16,August,109,,FR_aug_2015.pdf,Content\ArchiveReport\flash\2015-16\FR_aug_2015.pdf
2015-09,2015-16,September,110,,FR_sep_2015.pdf,Content\ArchiveReport\flash\2015-16\FR_sep_2015.pdf
2015-10,2015-16,October,111,,FR_oct_2015.pdf,Content\ArchiveReport\flash\2015-16\FR_oct_2015.pdf
2015-11,2015-16,November,112,,FR_nov_2015.pdf,Content\ArchiveReport\flash\2015-16\FR_nov_2015.pdf
2015-12,2015-16,December,113,,FR_dec_2015.pdf,Content\ArchiveReport\flash\2015-16\FR_dec_2015.pdf
2016-01,2015-16,January,114,,FR_jan_2016.pdf,Content\ArchiveReport\flash\2015-16\FR_jan_2016.pdf
2016-02,2015-16,February,115,,FR_feb_2016.pdf,Content\ArchiveReport\flash\2015-16\FR_feb_2016.pdf
2016-03,2015-16,March,116,,FR_mar_2016.pdf,Content\ArchiveReport\flash\2015-16\FR_mar_2016.pdf
2016-04,2016-17,April,117,,FR_APr_2016.pdf,Content\ArchiveReport\flash\2016-17\FR_APr_2016.pdf
2016-05,2016-17,May,118,,FR_may_2016.pdf,Content\ArchiveReport\flash\2016-17\FR_may_2016.pdf
2016-06,2016-17,June,119,,FR_jun_2016.pdf,Content\ArchiveReport\flash\2016-17\FR_jun_2016.pdf
2016-07,2016-17,July,120,,FR_jul_2016.pdf,Content\ArchiveReport\flash\2016-17\FR_jul_2016.pdf
2016-08,2016-17,August,121,,FR_aug_2016.pdf,Content\ArchiveReport\flash\2016-17\FR_aug_2016.pdf
2016-09,2016-17,September,122,,FR_sep_2016.pdf,Content\ArchiveReport\flash\2016-17\FR_sep_2016.pdf
2016-10,2016-17,October,123,,FR_oct_2016.pdf,Content\ArchiveReport\flash\2016-17\FR_oct_2016.pdf
2016-11,2016-17,November,124,,FR_nov_2016.pdf,Content\ArchiveReport\flash\2016-17\FR_nov_2016.pdf
2016-12,2016-17,December,125,,FR_dec_2016.pdf,Content\ArchiveReport\flash\2016-17\FR_dec_2016.pdf
2017-01,2016-17,January,126,,FR_jan_2017.pdf,Content\ArchiveReport\flash\2016-17\FR_jan_2017.pdf
2017-02,2016-17,February,127,,FR_feb_2017.pdf,Content\ArchiveReport\flash\2016-17\FR_feb_2017.pdf
2017-03,2016-17,March,128,,FR_march_2017.pdf,Content\ArchiveReport\flash\2016-17\FR_march_2017.pdf
2017-04,2017-18,April,129,,FR_APril_2017.pdf,Content\ArchiveReport\flash\2017-18\FR_APril_2017.pdf
2017-05,2017-18,May,130,,FR_may_2017.pdf,Content\ArchiveReport\flash\2017-18\FR_may_2017.pdf
2017-06,2017-18,June,131,,FR_june_2017.pdf,Content\ArchiveReport\flash\2017-18\FR_june_2017.pdf
2017-07,2017-18,July,132,,FR_july_2017.pdf,Content\ArchiveReport\flash\2017-18\FR_july_2017.pdf
2017-08,2017-18,August,133,,FR_aug_2017.pdf,Content\ArchiveReport\flash\2017-18\FR_aug_2017.pdf
2017-09,2017-18,September,134,,FR_sep_2017.pdf,Content\ArchiveReport\flash\2017-18\FR_sep_2017.pdf
2017-10,2017-18,October,135,,FR_oct_2017.pdf,Content\ArchiveReport\flash\2017-18\FR_oct_2017.pdf
2017-11,2017-18,November,136,,FR_nov_2017.pdf,Content\ArchiveReport\flash\2017-18\FR_nov_2017.pdf
2017-12,2017-18,December,137,,FR_dec_2017.pdf,Content\ArchiveReport\flash\2017-18\FR_dec_2017.pdf
2018-01,2017-18,January,138,,FR_jan_2018.pdf,Content\ArchiveReport\flash\2017-18\FR_jan_2018.pdf
2018-02,2017-18,February,139,,FR_feb_2018.pdf,Content\ArchiveReport\flash\2017-18\FR_feb_2018.pdf
2018-03,2017-18,March,140,,FR_march_2018.pdf,Content\ArchiveReport\flash\2017-18\FR_march_2018.pdf
2018-04,2018-19,April,141,,FR_APr_2018.pdf,Content\ArchiveReport\flash\2018-19\FR_APr_2018.pdf
2018-05,2018-19,May,142,,FR_may_2018.pdf,Content\ArchiveReport\flash\2018-19\FR_may_2018.pdf
2018-06,2018-19,June,143,,FR_jun_2018.pdf,Content\ArchiveReport\flash\2018-19\FR_jun_2018.pdf
2018-07,2018-19,July,144,,FR_july_2018.pdf,Content\ArchiveReport\flash\2018-19\FR_july_2018.pdf
2018-08,2018-19,August,145,,FR_aug_Report_2018.pdf,Content\ArchiveReport\flash\2018-19\FR_aug_Report_2018.pdf
2018-09,2018-19,September,146,,FR_sep_Report_2018.pdf,Content\ArchiveReport\flash\2018-19\FR_sep_Report_2018.pdf
2018-10,2018-19,October,147,,FR_oct_Report_2018.pdf,Content\ArchiveReport\flash\2018-19\FR_oct_Report_2018.pdf
2018-11,2018-19,November,148,,FR_nov_Report_2018.pdf,Content\ArchiveReport\flash\2018-19\FR_nov_Report_2018.pdf
2018-12,2018-19,December,149,,FR_dec_Report_2018.pdf,Content\ArchiveReport\flash\2018-19\FR_dec_Report_2018.pdf
2019-01,2018-19,January,150,,FR_jan_Report_2019.pdf,Content\ArchiveReport\flash\2018-19\FR_jan_Report_2019.pdf
2019-02,2018-19,February,151,,FR_feb_Report_2019.pdf,Content\ArchiveReport\flash\2018-19\FR_feb_Report_2019.pdf
2019-03,2018-19,March,152,,FR_mar_Report_2019.pdf,Content\ArchiveReport\flash\2018-19\FR_mar_Report_2019.pdf
2019-04,2019-20,April,1,,FR_APr_Report_2019.pdf,Content\ArchiveReport\flash\2019-20\FR_APr_Report_2019.pdf
2019-05,2019-20,May,2,,FR_may_Report_2019.pdf,Content\ArchiveReport\flash\2019-20\FR_may_Report_2019.pdf
2019-06,2019-20,June,3,,FR_jun_Report_2019.pdf,Content\ArchiveReport\flash\2019-20\FR_jun_Report_2019.pdf
2019-07,2019-20,July,4,,FR_july_Report_2019.pdf,Content\ArchiveReport\flash\2019-20\FR_july_Report_2019.pdf
2019-08,2019-20,August,5,,FR_aug_Report_2019.pdf,Content\ArchiveReport\flash\2019-20\FR_aug_Report_2019.pdf
2019-09,2019-20,September,6,,FR_sep_Report_2019.pdf,Content\ArchiveReport\flash\2019-20\FR_sep_Report_2019.pdf
2019-10,2019-20,October,7,,FR_oct_Report_2019.pdf,Content\ArchiveReport\flash\2019-20\FR_oct_Report_2019.pdf
2019-11,2019-20,November,8,,FR_nov_Report_2019.pdf,Content\ArchiveReport\flash\2019-20\FR_nov_Report_2019.pdf
2019-12,2019-20,December,9,,FR_dec_Report_2019.pdf,Content\ArchiveReport\flash\2019-20\FR_dec_Report_2019.pdf
2020-01,2019-20,January,10,,FR_jan_Report_2020.pdf,Content\ArchiveReport\flash\2019-20\FR_jan_Report_2020.pdf
2020-02,2019-20,February,11,,FR_feb_2020.pdf,Content\ArchiveReport\flash\2019-20\FR_feb_2020.pdf
2020-03,2019-20,March,12,,FR_march_2020.pdf,Content\ArchiveReport\flash\2019-20\FR_march_2020.pdf
2020-04,2020-21,April,13,,FR_APril_2020.pdf,Content\ArchiveReport\flash\2020-21\FR_APril_2020.pdf
2020-05,2020-21,May,14,,FR_may_2020.pdf,Content\ArchiveReport\flash\2020-21\FR_may_2020.pdf
2020-06,2020-21,June,15,,FR_jun_2020.pdf,Content\ArchiveReport\flash\2020-21\FR_jun_2020.pdf
2020-07,2020-21,July,16,,FR_july_2020 (1).pdf,Content\ArchiveReport\flash\2020-21\FR_july_2020 (1).pdf
2020-08,2020-21,August,17,,FR_august_2020.pdf,Content\ArchiveReport\flash\2020-21\FR_august_2020.pdf
2020-09,2020-21,September,18,,FR_sep_2020.pdf,Content\ArchiveReport\flash\2020-21\FR_sep_2020.pdf
2020-10,2020-21,October,19,,FR_oct_2020.pdf,Content\ArchiveReport\flash\2020-21\FR_oct_2020.pdf
2020-11,2020-21,November,20,,FR_nov_2020.pdf,Content\ArchiveReport\flash\2020-21\FR_nov_2020.pdf
2020-12,2020-21,December,21,,FR_dec_2020.pdf,Content\ArchiveReport\flash\2020-21\FR_dec_2020.pdf
2021-01,2020-21,January,22,,FR_jan_2021.pdf,Content\ArchiveReport\flash\2020-21\FR_jan_2021.pdf
2021-02,2020-21,February,23,,FR_feb_2021.pdf,Content\ArchiveReport\flash\2020-21\FR_feb_2021.pdf
2021-03,2020-21,March,24,,FR_mar_2021.pdf,Content\ArchiveReport\flash\2020-21\FR_mar_2021.pdf
2021-04,2021-22,April,25,,FR_APr_2021.pdf,Content\ArchiveReport\flash\2021-22\FR_APr_2021.pdf
2021-05,2021-22,May,26,,FR_may_2021.pdf,Content\ArchiveReport\flash\2021-22\FR_may_2021.pdf
2021-06,2021-22,June,27,,FR_june_2021.pdf,Content\ArchiveReport\flash\2021-22\FR_june_2021.pdf
2021-07,2021-22,July,28,,FR_july_2021.pdf,Content\ArchiveReport\flash\2021-22\FR_july_2021.pdf
2021-08,2021-22,August,29,,FR_aug_2021.pdf,Content\ArchiveReport\flash\2021-22\FR_aug_2021.pdf
2021-09,2021-22,September,30,,FR_sep_2021.pdf,Content\ArchiveReport\flash\2021-22\FR_sep_2021.pdf
2021-10,2021-22,October,31,,FR_oct_2021.pdf,Content\ArchiveReport\flash\2021-22\FR_oct_2021.pdf
2021-11,2021-22,November,32,,FR_nov_2021.pdf,Content\ArchiveReport\flash\2021-22\FR_nov_2021.pdf
2021-12,2021-22,December,33,,FR_dec_2021.pdf,Content\ArchiveReport\flash\2021-22\FR_dec_2021.pdf
2022-01,2021-22,January,34,,FR_jan_2022.pdf,Content\ArchiveReport\flash\2021-22\FR_jan_2022.pdf
2022-02,2021-22,February,35,,FR_feb_2022.pdf,Content\ArchiveReport\flash\2021-22\FR_feb_2022.pdf
2022-03,2021-22,March,36,,FR_mar_2022.pdf,Content\ArchiveReport\flash\2021-22\FR_mar_2022.pdf
2022-04,2022-23,April,37,,FR_APr_2022.pdf,Content\ArchiveReport\flash\2022-23\FR_APr_2022.pdf
2022-05,2022-23,May,38,,FR_may_2022.pdf,Content\ArchiveReport\flash\2022-23\FR_may_2022.pdf
2022-06,2022-23,June,39,,FR_june_2022.pdf,Content\ArchiveReport\flash\2022-23\FR_june_2022.pdf
2022-07,2022-23,July,40,,FR_july_2022.pdf,Content\ArchiveReport\flash\2022-23\FR_july_2022.pdf
2022-08,2022-23,August,41,,FR_august_2022.pdf,Content\ArchiveReport\flash\2022-23\FR_august_2022.pdf
2022-09,2022-23,September,42,,FR_september_2022.pdf,Content\ArchiveReport\flash\2022-23\FR_september_2022.pdf
2022-10,2022-23,October,43,,FR_oct_2022.pdf,Content\ArchiveReport\flash\2022-23\FR_oct_2022.pdf
2022-11,2022-23,November,44,,FR_nov_2022.pdf,Content\ArchiveReport\flash\2022-23\FR_nov_2022.pdf
2022-12,2022-23,December,45,,FR_dec_2022.pdf,Content\ArchiveReport\flash\2022-23\FR_dec_2022.pdf
2023-01,2022-23,January,46,,FR_jan_2023.pdf,Content\ArchiveReport\flash\2022-23\FR_jan_2023.pdf
2023-02,2022-23,February,47,,FR_feb_2023.pdf,Content\ArchiveReport\flash\2022-23\FR_feb_2023.pdf
2023-03,2022-23,March,48,,FR_march_2023.pdf,Content\ArchiveReport\flash\2022-23\FR_march_2023.pdf
2023-04,2023-24,April,49,,FR_APril_2023.pdf,Content\ArchiveReport\flash\2023-24\FR_APril_2023.pdf
2023-05,2023-24,May,50,,FR_may_2023.pdf,Content\ArchiveReport\flash\2023-24\FR_may_2023.pdf
2023-06,2023-24,June,51,,FR_june_2023.pdf,Content\ArchiveReport\flash\2023-24\FR_june_2023.pdf
2023-07,2023-24,July,52,,FR_july1_2023.pdf,Content\ArchiveReport\flash\2023-24\FR_july1_2023.pdf
2023-08,2023-24,August,53,,FR_august_2023.pdf,Content\ArchiveReport\flash\2023-24\FR_august_2023.pdf
2023-09,2023-24,September,54,,FR_sept_2023.pdf,Content\ArchiveReport\flash\2023-24\FR_sept_2023.pdf
2023-10,2023-24,October,55,,FR_oct_2023.pdf,Content\ArchiveReport\flash\2023-24\FR_oct_2023.pdf
2023-11,2023-24,November,56,,FR_nov_2023.pdf,Content\ArchiveReport\flash\2023-24\FR_nov_2023.pdf
2023-12,2023-24,December,57,,FR_dec_2023.pdf,Content\ArchiveReport\flash\2023-24\FR_dec_2023.pdf
2024-01,2023-24,January,58,,FR_jan_2024.pdf,Content\ArchiveReport\flash\2023-24\FR_jan_2024.pdf
2024-02,2023-24,February,59,,FR_feb_2024.pdf,Content\ArchiveReport\flash\2023-24\FR_feb_2024.pdf
2024-03,2023-24,March,60,,FR_mar_2024.pdf,Content\ArchiveReport\flash\2023-24\FR_mar_2024.pdf
2024-04,2024-25,,61,I,April_Part-I_Synopsis.pdf,Content\ArchiveReport\flash\2024-25\April_Part-I_Synopsis.pdf
2024-04,2024-25,,62,II,April_Part-II_List_of_tables.pdf,Content\ArchiveReport\flash\2024-25\April_Part-II_List_of_tables.pdf
2024-05,2024-25,,63,I,May_Part-1.pdf,Content\ArchiveReport\flash\2024-25\May_Part-1.pdf
2024-05,2024-25,,64,II,May_Part-2.pdf,Content\ArchiveReport\flash\2024-25\May_Part-2.pdf
2024-06,2024-25,June,65,,June.pdf,Content\ArchiveReport\flash\2024-25\June.pdf
2024-07,2024-25,,66,I,July_Part-I.pdf,Content\ArchiveReport\flash\2024-25\July_Part-I.pdf
2024-07,2024-25,,67,II,July_Part-II.pdf,Content\ArchiveReport\flash\2024-25\July_Part-II.pdf
2024-08,2024-25,,68,I,August_Part-1(synopsis).pdf,Content\ArchiveReport\flash\2024-25\August_Part-1(synopsis).pdf
2024-08,2024-25,,69,II,August_Part-2(List_of_tables).pdf,Content\ArchiveReport\flash\2024-25\August_Part-2(List_of_tables).pdf
2024-09,2024-25,,70,I,September_Part-1(synopsis).pdf,Content\ArchiveReport\flash\2024-25\September_Part-1(synopsis).pdf
2024-09,2024-25,,71,II,September_Part-2(List_of_tables).pdf,Content\ArchiveReport\flash\2024-25\September_Part-2(List_of_tables).pdf
2024-10,2024-25,October,72,,October.pdf,Content\ArchiveReport\flash\2024-25\October.pdf
2024-11,2024-25,November,73,,November.pdf,Content\ArchiveReport\flash\2024-25\November.pdf
2024-12,2024-25,December,74,,December.pdf,Content\ArchiveReport\flash\2024-25\December.pdf
2025-01,2024-25,January,75,,January.pdf,Content\ArchiveReport\flash\2024-25\January.pdf
2025-02,2024-25,February,1154,,FRFebruary2025.pdf,Content\ArchiveReport\flash\2024-25\FRFebruary2025.pdf
2025-03,2024-25,March,1150,,FRMarch2025.pdf,Content\ArchiveReport\flash\2024-25\FRMarch2025.pdf
